{
  "provider": {
    "name": "Counter-Strike: Global Offensive",
    "appid": 730,
    "version": 14126,
    "steamid": "76561198056528922",
    "timestamp": 1764539113
  },
  "map": {
    "mode": "casual",
    "name": "de_train",
    "phase": "live",
    "round": 1,
    "team_ct": {
      "score": 1,
      "consecutive_round_losses": 0,
      "timeouts_remaining": 1,
      "matches_won_this_series": 0
    },
    "team_t": {
      "score": 0,
      "consecutive_round_losses": 1,
      "timeouts_remaining": 1,
      "matches_won_this_series": 0
    },
    "num_matches_to_win_series": 0,
    "round_wins": {
      "1": "ct_win_defuse"
    }
  },
  "round": {
    "phase": "freezetime"
  },
  "player": {
    "steamid": "452",
    "name": "Ferris",
    "observer_slot": 7,
    "team": "T",
    "activity": "playing",
    "match_stats": {
      "kills": 2,
      "assists": 0,
      "deaths": 0,
      "mvps": 0,
      "score": 7
    },
    "state": {
      "health": 100,
      "armor": 100,
      "helmet": true,
      "flashed": 0,
      "smoked": 0,
      "burning": 0,
      "money": 1800,
      "round_kills": 0,
      "round_killhs": 0,
      "round_totaldmg": 0,
      "equip_value": 3500
    },
    "weapons": {
      "weapon_0": {
        "name": "weapon_knife_t",
        "paintkit": "default",
        "type": "Knife",
        "state": "holstered"
      },
      "weapon_1": {
        "name": "weapon_glock",
        "paintkit": "default",
        "type": "Pistol",
        "ammo_clip": 20,
        "ammo_clip_max": 20,
        "ammo_reserve": 120,
        "state": "holstered"
      },
      "weapon_2": {
        "name": "weapon_xm1014",
        "paintkit": "default",
        "type": "Shotgun",
        "ammo_clip": 7,
        "ammo_clip_max": 7,
        "ammo_reserve": 32,
        "state": "active"
      },
      "weapon_3": {
        "name": "weapon_hegrenade",
        "paintkit": "default",
        "type": "Grenade",
        "ammo_reserve": 1,
        "state": "holstered"
      }
    },
    "spectarget": "452",
    "position": "-1850.00, 1256.00, -171.97",
    "forward": "0.99, 0.13, -0.02"
  },
  "allplayers": {
    "432": {
      "name": "Adônis",
      "observer_slot": 5,
      "team": "T",
      "state": {
        "health": 100,
        "armor": 100,
        "helmet": true,
        "flashed": 0,
        "smoked": 0,
        "burning": 0,
        "money": 2550,
        "round_kills": 0,
        "round_killhs": 0,
        "round_totaldmg": 0,
        "equip_value": 2250
      },
      "match_stats": {
        "kills": 0,
        "assists": 0,
        "deaths": 0,
        "mvps": 0,
        "score": 0
      },
      "weapons": {
        "weapon_0": {
          "name": "weapon_knife_t",
          "paintkit": "default",
          "type": "Knife",
          "state": "holstered"
        },
        "weapon_1": {
          "name": "weapon_glock",
          "paintkit": "default",
          "type": "Pistol",
          "ammo_clip": 20,
          "ammo_clip_max": 20,
          "ammo_reserve": 120,
          "state": "holstered"
        },
        "weapon_2": {
          "name": "weapon_nova",
          "paintkit": "default",
          "type": "Shotgun",
          "ammo_clip": 8,
          "ammo_clip_max": 8,
          "ammo_reserve": 32,
          "state": "active"
        }
      },
      "position": "-2000.00, 1434.23, -171.97",
      "forward": "0.89, -0.46, -0.02"
    },
    "437": {
      "name": "Ulysses",
      "observer_slot": 0,
      "team": "CT",
      "state": {
        "health": 100,
        "armor": 100,
        "helmet": true,
        "defusekit": true,
        "flashed": 0,
        "smoked": 0,
        "burning": 0,
        "money": 2150,
        "round_kills": 0,
        "round_killhs": 0,
        "round_totaldmg": 0,
        "equip_value": 2950
      },
      "match_stats": {
        "kills": 0,
        "assists": 1,
        "deaths": 1,
        "mvps": 0,
        "score": 2
      },
      "weapons": {
        "weapon_0": {
          "name": "weapon_knife",
          "paintkit": "default",
          "type": "Knife",
          "state": "holstered"
        },
        "weapon_1": {
          "name": "weapon_nova",
          "paintkit": "default",
          "type": "Shotgun",
          "ammo_clip": 8,
          "ammo_clip_max": 8,
          "ammo_reserve": 32,
          "state": "active"
        },
        "weapon_2": {
          "name": "weapon_fiveseven",
          "paintkit": "default",
          "type": "Pistol",
          "ammo_clip": 20,
          "ammo_clip_max": 20,
          "ammo_reserve": 100,
          "state": "holstered"
        }
      },
      "position": "1552.00, -1232.00, -327.76",
      "forward": "-0.39, 0.92, -0.02"
    },
    "442": {
      "name": "Wesley",
      "observer_slot": 1,
      "team": "CT",
      "state": {
        "health": 100,
        "armor": 100,
        "helmet": true,
        "defusekit": true,
        "flashed": 0,
        "smoked": 0,
        "burning": 0,
        "money": 1050,
        "round_kills": 0,
        "round_killhs": 0,
        "round_totaldmg": 0,
        "equip_value": 4050
      },
      "match_stats": {
        "kills": 0,
        "assists": 1,
        "deaths": 1,
        "mvps": 0,
        "score": 2
      },
      "weapons": {
        "weapon_0": {
          "name": "weapon_knife",
          "paintkit": "default",
          "type": "Knife",
          "state": "holstered"
        },
        "weapon_1": {
          "name": "weapon_p90",
          "paintkit": "default",
          "type": "Submachine Gun",
          "ammo_clip": 50,
          "ammo_clip_max": 50,
          "ammo_reserve": 100,
          "state": "active"
        },
        "weapon_2": {
          "name": "weapon_p250",
          "paintkit": "default",
          "type": "Pistol",
          "ammo_clip": 13,
          "ammo_clip_max": 13,
          "ammo_reserve": 26,
          "state": "holstered"
        }
      },
      "position": "1542.00, -1336.00, -327.92",
      "forward": "-0.62, 0.79, -0.02"
    },
    "447": {
      "name": "Opie",
      "observer_slot": 6,
      "team": "T",
      "state": {
        "health": 100,
        "armor": 100,
        "helmet": true,
        "flashed": 0,
        "smoked": 0,
        "burning": 0,
        "money": 1350,
        "round_kills": 0,
        "round_killhs": 0,
        "round_totaldmg": 0,
        "equip_value": 3600
      },
      "match_stats": {
        "kills": 1,
        "assists": 0,
        "deaths": 1,
        "mvps": 0,
        "score": 3
      },
      "weapons": {
        "weapon_0": {
          "name": "weapon_knife_t",
          "paintkit": "default",
          "type": "Knife",
          "state": "holstered"
        },
        "weapon_1": {
          "name": "weapon_glock",
          "paintkit": "default",
          "type": "Pistol",
          "ammo_clip": 20,
          "ammo_clip_max": 20,
          "ammo_reserve": 120,
          "state": "holstered"
        },
        "weapon_2": {
          "name": "weapon_p90",
          "paintkit": "default",
          "type": "Submachine Gun",
          "ammo_clip": 50,
          "ammo_clip_max": 50,
          "ammo_reserve": 100,
          "state": "active"
        },
        "weapon_3": {
          "name": "weapon_decoy",
          "paintkit": "default",
          "type": "Grenade",
          "ammo_reserve": 1,
          "state": "holstered"
        }
      },
      "position": "-1955.00, 1326.00, -171.97",
      "forward": "1.00, 0.08, -0.02"
    },
    "452": {
      "name": "Ferris",
      "observer_slot": 7,
      "team": "T",
      "state": {
        "health": 100,
        "armor": 100,
        "helmet": true,
        "flashed": 0,
        "smoked": 0,
        "burning": 0,
        "money": 1800,
        "round_kills": 0,
        "round_killhs": 0,
        "round_totaldmg": 0,
        "equip_value": 3500
      },
      "match_stats": {
        "kills": 2,
        "assists": 0,
        "deaths": 0,
        "mvps": 0,
        "score": 7
      },
      "weapons": {
        "weapon_0": {
          "name": "weapon_knife_t",
          "paintkit": "default",
          "type": "Knife",
          "state": "holstered"
        },
        "weapon_1": {
          "name": "weapon_glock",
          "paintkit": "default",
          "type": "Pistol",
          "ammo_clip": 20,
          "ammo_clip_max": 20,
          "ammo_reserve": 120,
          "state": "holstered"
        },
        "weapon_2": {
          "name": "weapon_xm1014",
          "paintkit": "default",
          "type": "Shotgun",
          "ammo_clip": 7,
          "ammo_clip_max": 7,
          "ammo_reserve": 32,
          "state": "active"
        },
        "weapon_3": {
          "name": "weapon_hegrenade",
          "paintkit": "default",
          "type": "Grenade",
          "ammo_reserve": 1,
          "state": "holstered"
        }
      },
      "position": "-1850.00, 1256.00, -171.97",
      "forward": "0.99, 0.13, -0.02"
    },
    "457": {
      "name": "Telsen",
      "observer_slot": 2,
      "team": "CT",
      "state": {
        "health": 100,
        "armor": 100,
        "helmet": true,
        "defusekit": true,
        "flashed": 0,
        "smoked": 0,
        "burning": 0,
        "money": 50,
        "round_kills": 0,
        "round_killhs": 0,
        "round_totaldmg": 0,
        "equip_value": 5400
      },
      "match_stats": {
        "kills": 1,
        "assists": 0,
        "deaths": 0,
        "mvps": 1,
        "score": 7
      },
      "weapons": {
        "weapon_0": {
          "name": "weapon_knife",
          "paintkit": "default",
          "type": "Knife",
          "state": "holstered"
        },
        "weapon_1": {
          "name": "weapon_aug",
          "paintkit": "default",
          "type": "Rifle",
          "ammo_clip": 30,
          "ammo_clip_max": 30,
          "ammo_reserve": 90,
          "state": "active"
        },
        "weapon_2": {
          "name": "weapon_deagle",
          "paintkit": "default",
          "type": "Pistol",
          "ammo_clip": 7,
          "ammo_clip_max": 7,
          "ammo_reserve": 35,
          "state": "holstered"
        }
      },
      "position": "1462.00, -1226.00, -327.95",
      "forward": "-0.14, 0.99, -0.02"
    },
    "462": {
      "name": "Hastings",
      "observer_slot": 3,
      "team": "CT",
      "state": {
        "health": 100,
        "armor": 100,
        "helmet": true,
        "defusekit": true,
        "flashed": 0,
        "smoked": 0,
        "burning": 0,
        "money": 1200,
        "round_kills": 0,
        "round_killhs": 0,
        "round_totaldmg": 0,
        "equip_value": 3900
      },
      "match_stats": {
        "kills": 0,
        "assists": 0,
        "deaths": 1,
        "mvps": 0,
        "score": 1
      },
      "weapons": {
        "weapon_0": {
          "name": "weapon_knife",
          "paintkit": "default",
          "type": "Knife",
          "state": "holstered"
        },
        "weapon_1": {
          "name": "weapon_xm1014",
          "paintkit": "default",
          "type": "Shotgun",
          "ammo_clip": 7,
          "ammo_clip_max": 7,
          "ammo_reserve": 32,
          "state": "active"
        },
        "weapon_2": {
          "name": "weapon_fiveseven",
          "paintkit": "default",
          "type": "Pistol",
          "ammo_clip": 20,
          "ammo_clip_max": 20,
          "ammo_reserve": 100,
          "state": "holstered"
        }
      },
      "position": "1342.00, -1431.00, -327.25",
      "forward": "-0.42, 0.91, -0.02"
    },
    "467": {
      "name": "Niles",
      "observer_slot": 8,
      "team": "T",
      "state": {
        "health": 100,
        "armor": 100,
        "helmet": true,
        "flashed": 0,
        "smoked": 0,
        "burning": 0,
        "money": 1600,
        "round_kills": 0,
        "round_killhs": 0,
        "round_totaldmg": 0,
        "equip_value": 3200
      },
      "match_stats": {
        "kills": 0,
        "assists": 1,
        "deaths": 1,
        "mvps": 0,
        "score": 2
      },
      "weapons": {
        "weapon_0": {
          "name": "weapon_knife_t",
          "paintkit": "default",
          "type": "Knife",
          "state": "holstered"
        },
        "weapon_1": {
          "name": "weapon_glock",
          "paintkit": "default",
          "type": "Pistol",
          "ammo_clip": 20,
          "ammo_clip_max": 20,
          "ammo_reserve": 120,
          "state": "holstered"
        },
        "weapon_2": {
          "name": "weapon_ssg08",
          "paintkit": "default",
          "type": "SniperRifle",
          "ammo_clip": 10,
          "ammo_clip_max": 10,
          "ammo_reserve": 90,
          "state": "active"
        },
        "weapon_3": {
          "name": "weapon_smokegrenade",
          "paintkit": "default",
          "type": "Grenade",
          "ammo_reserve": 1,
          "state": "holstered"
        }
      },
      "position": "-2033.00, 1362.23, -171.97",
      "forward": "1.00, -0.09, -0.00"
    },
    "472": {
      "name": "York",
      "observer_slot": 9,
      "team": "T",
      "state": {
        "health": 100,
        "armor": 100,
        "helmet": true,
        "flashed": 0,
        "smoked": 0,
        "burning": 0,
        "money": 1100,
        "round_kills": 0,
        "round_killhs": 0,
        "round_totaldmg": 0,
        "equip_value": 3850
      },
      "match_stats": {
        "kills": 1,
        "assists": 1,
        "deaths": 0,
        "mvps": 0,
        "score": 4
      },
      "weapons": {
        "weapon_0": {
          "name": "weapon_knife_t",
          "paintkit": "default",
          "type": "Knife",
          "state": "holstered"
        },
        "weapon_1": {
          "name": "weapon_glock",
          "paintkit": "default",
          "type": "Pistol",
          "ammo_clip": 20,
          "ammo_clip_max": 20,
          "ammo_reserve": 120,
          "state": "holstered"
        },
        "weapon_2": {
          "name": "weapon_c4",
          "paintkit": "default",
          "type": "C4",
          "state": "holstered"
        },
        "weapon_3": {
          "name": "weapon_p90",
          "paintkit": "default",
          "type": "Submachine Gun",
          "ammo_clip": 50,
          "ammo_clip_max": 50,
          "ammo_reserve": 100,
          "state": "active"
        },
        "weapon_4": {
          "name": "weapon_hegrenade",
          "paintkit": "default",
          "type": "Grenade",
          "ammo_reserve": 1,
          "state": "holstered"
        }
      },
      "position": "-1925.00, 1394.00, -171.97",
      "forward": "0.74, 0.67, -0.02"
    },
    "477": {
      "name": "Conleth",
      "observer_slot": 4,
      "team": "CT",
      "state": {
        "health": 100,
        "armor": 100,
        "helmet": true,
        "defusekit": true,
        "flashed": 0,
        "smoked": 0,
        "burning": 0,
        "money": 1550,
        "round_kills": 0,
        "round_killhs": 0,
        "round_totaldmg": 0,
        "equip_value": 3700
      },
      "match_stats": {
        "kills": 1,
        "assists": 0,
        "deaths": 1,
        "mvps": 0,
        "score": 3
      },
      "weapons": {
        "weapon_0": {
          "name": "weapon_knife",
          "paintkit": "default",
          "type": "Knife",
          "state": "holstered"
        },
        "weapon_1": {
          "name": "weapon_xm1014",
          "paintkit": "default",
          "type": "Shotgun",
          "ammo_clip": 7,
          "ammo_clip_max": 7,
          "ammo_reserve": 32,
          "state": "active"
        },
        "weapon_2": {
          "name": "weapon_p250",
          "paintkit": "default",
          "type": "Pistol",
          "ammo_clip": 13,
          "ammo_clip_max": 13,
          "ammo_reserve": 26,
          "state": "holstered"
        }
      },
      "position": "1378.00, -1244.00, -327.73",
      "forward": "-0.39, 0.92, -0.02"
    }
  },
  "phase_countdowns": {
    "phase": "freezetime",
    "phase_ends_in": "3.9"
  },
  "grenades": {},
  "bomb": {
    "state": "carried",
    "position": "-1925.00, 1394.00, -171.97",
    "player": "472"
  },
  "previously": {
    "player": {
      "forward": "0.99, 0.14, -0.02"
    },
    "allplayers": {
      "432": {
        "forward": "0.89, -0.45, -0.02"
      },
      "437": {
        "forward": "-0.40, 0.92, -0.02"
      },
      "442": {
        "forward": "-0.62, 0.78, -0.02"
      },
      "447": {
        "forward": "1.00, 0.09, -0.02"
      },
      "452": {
        "forward": "0.99, 0.14, -0.02"
      },
      "457": {
        "forward": "-0.15, 0.99, -0.02"
      },
      "467": {
        "forward": "1.00, -0.08, -0.00"
      },
      "472": {
        "forward": "0.74, 0.68, -0.02"
      },
      "477": {
        "forward": "-0.40, 0.92, -0.02"
      }
    },
    "phase_countdowns": {
      "phase_ends_in": "4.3"
    }
  }
}