{
  "provider": {
    "name": "Counter-Strike: Global Offensive",
    "appid": 730,
    "version": 14126,
    "steamid": "76561198056528922",
    "timestamp": 1764539039
  },
  "map": {
    "mode": "casual",
    "name": "de_train",
    "phase": "live",
    "round": 0,
    "team_ct": {
      "score": 0,
      "consecutive_round_losses": 0,
      "timeouts_remaining": 1,
      "matches_won_this_series": 0
    },
    "team_t": {
      "score": 0,
      "consecutive_round_losses": 0,
      "timeouts_remaining": 1,
      "matches_won_this_series": 0
    },
    "num_matches_to_win_series": 0
  },
  "round": {
    "phase": "live"
  },
  "player": {
    "steamid": "472",
    "name": "York",
    "observer_slot": 9,
    "team": "T",
    "activity": "playing",
    "match_stats": {
      "kills": 0,
      "assists": 1,
      "deaths": 0,
      "mvps": 0,
      "score": 1
    },
    "state": {
      "health": 56,
      "armor": 100,
      "helmet": true,
      "flashed": 0,
      "smoked": 0,
      "burning": 0,
      "money": 1000,
      "round_kills": 0,
      "round_killhs": 0,
      "round_totaldmg": 72,
      "equip_value": 1200
    },
    "weapons": {
      "weapon_0": {
        "name": "weapon_knife_t",
        "paintkit": "default",
        "type": "Knife",
        "state": "holstered"
      },
      "weapon_1": {
        "name": "weapon_glock",
        "paintkit": "default",
        "type": "Pistol",
        "ammo_clip": 20,
        "ammo_clip_max": 20,
        "ammo_reserve": 109,
        "state": "active"
      }
    },
    "spectarget": "472",
    "position": "-863.11, 565.54, -215.97",
    "forward": "0.98, -0.21, -0.05"
  },
  "allplayers": {
    "432": {
      "name": "Adônis",
      "observer_slot": 5,
      "team": "T",
      "state": {
        "health": 100,
        "armor": 100,
        "helmet": true,
        "flashed": 0,
        "smoked": 0,
        "burning": 0,
        "money": 1000,
        "round_kills": 0,
        "round_killhs": 0,
        "round_totaldmg": 0,
        "equip_value": 1200
      },
      "match_stats": {
        "kills": 0,
        "assists": 0,
        "deaths": 0,
        "mvps": 0,
        "score": 0
      },
      "weapons": {
        "weapon_0": {
          "name": "weapon_knife_t",
          "paintkit": "default",
          "type": "Knife",
          "state": "holstered"
        },
        "weapon_1": {
          "name": "weapon_glock",
          "paintkit": "default",
          "type": "Pistol",
          "ammo_clip": 20,
          "ammo_clip_max": 20,
          "ammo_reserve": 120,
          "state": "active"
        }
      },
      "position": "944.06, -802.44, -318.97",
      "forward": "-0.90, 0.43, -0.01"
    },
    "437": {
      "name": "Ulysses",
      "observer_slot": 0,
      "team": "CT",
      "state": {
        "health": 100,
        "armor": 100,
        "helmet": true,
        "defusekit": true,
        "flashed": 0,
        "smoked": 0,
        "burning": 0,
        "money": 1000,
        "round_kills": 0,
        "round_killhs": 0,
        "round_totaldmg": 40,
        "equip_value": 1600
      },
      "match_stats": {
        "kills": 0,
        "assists": 1,
        "deaths": 0,
        "mvps": 0,
        "score": 1
      },
      "weapons": {
        "weapon_0": {
          "name": "weapon_knife",
          "paintkit": "default",
          "type": "Knife",
          "state": "holstered"
        },
        "weapon_1": {
          "name": "weapon_hkp2000",
          "paintkit": "default",
          "type": "Pistol",
          "ammo_clip": 13,
          "ammo_clip_max": 13,
          "ammo_reserve": 46,
          "state": "active"
        }
      },
      "position": "334.28, -541.24, -215.77",
      "forward": "-0.53, 0.84, -0.08"
    },
    "442": {
      "name": "Wesley",
      "observer_slot": 1,
      "team": "CT",
      "state": {
        "health": 50,
        "armor": 93,
        "helmet": true,
        "defusekit": true,
        "flashed": 0,
        "smoked": 0,
        "burning": 0,
        "money": 1000,
        "round_kills": 0,
        "round_killhs": 0,
        "round_totaldmg": 94,
        "equip_value": 1600
      },
      "match_stats": {
        "kills": 0,
        "assists": 0,
        "deaths": 0,
        "mvps": 0,
        "score": 0
      },
      "weapons": {
        "weapon_0": {
          "name": "weapon_knife",
          "paintkit": "default",
          "type": "Knife",
          "state": "holstered"
        },
        "weapon_1": {
          "name": "weapon_hkp2000",
          "paintkit": "default",
          "type": "Pistol",
          "ammo_clip": 4,
          "ammo_clip_max": 13,
          "ammo_reserve": 52,
          "state": "active"
        }
      },
      "position": "788.04, 122.24, -211.97",
      "forward": "-0.94, 0.35, 0.01"
    },
    "447": {
      "name": "Opie",
      "observer_slot": 6,
      "team": "T",
      "state": {
        "health": 47,
        "armor": 75,
        "helmet": true,
        "flashed": 0,
        "smoked": 0,
        "burning": 0,
        "money": 1000,
        "round_kills": 0,
        "round_killhs": 0,
        "round_totaldmg": 13,
        "equip_value": 1200
      },
      "match_stats": {
        "kills": 0,
        "assists": 0,
        "deaths": 0,
        "mvps": 0,
        "score": 0
      },
      "weapons": {
        "weapon_0": {
          "name": "weapon_knife_t",
          "paintkit": "default",
          "type": "Knife",
          "state": "holstered"
        },
        "weapon_1": {
          "name": "weapon_glock",
          "paintkit": "default",
          "type": "Pistol",
          "ammo_clip": 18,
          "ammo_clip_max": 20,
          "ammo_reserve": 120,
          "state": "active"
        }
      },
      "position": "61.13, 455.75, -215.97",
      "forward": "0.93, -0.36, -0.02"
    },
    "452": {
      "name": "Ferris",
      "observer_slot": 7,
      "team": "T",
      "state": {
        "health": 81,
        "armor": 91,
        "helmet": true,
        "flashed": 0,
        "smoked": 0,
        "burning": 0,
        "money": 1300,
        "round_kills": 2,
        "round_killhs": 0,
        "round_totaldmg": 128,
        "equip_value": 1200
      },
      "match_stats": {
        "kills": 2,
        "assists": 0,
        "deaths": 0,
        "mvps": 0,
        "score": 4
      },
      "weapons": {
        "weapon_0": {
          "name": "weapon_knife_t",
          "paintkit": "default",
          "type": "Knife",
          "state": "holstered"
        },
        "weapon_1": {
          "name": "weapon_glock",
          "paintkit": "default",
          "type": "Pistol",
          "ammo_clip": 1,
          "ammo_clip_max": 20,
          "ammo_reserve": 120,
          "state": "active"
        },
        "weapon_2": {
          "name": "weapon_c4",
          "paintkit": "default",
          "type": "C4",
          "state": "holstered"
        }
      },
      "position": "-210.90, 430.25, -215.97",
      "forward": "0.95, -0.31, -0.03"
    },
    "457": {
      "name": "Telsen",
      "observer_slot": 2,
      "team": "CT",
      "state": {
        "health": 100,
        "armor": 100,
        "helmet": true,
        "defusekit": true,
        "flashed": 0,
        "smoked": 0,
        "burning": 0,
        "money": 1000,
        "round_kills": 0,
        "round_killhs": 0,
        "round_totaldmg": 0,
        "equip_value": 1600
      },
      "match_stats": {
        "kills": 0,
        "assists": 0,
        "deaths": 0,
        "mvps": 0,
        "score": 0
      },
      "weapons": {
        "weapon_0": {
          "name": "weapon_knife",
          "paintkit": "default",
          "type": "Knife",
          "state": "holstered"
        },
        "weapon_1": {
          "name": "weapon_hkp2000",
          "paintkit": "default",
          "type": "Pistol",
          "ammo_clip": 13,
          "ammo_clip_max": 13,
          "ammo_reserve": 52,
          "state": "active"
        }
      },
      "position": "1040.22, 782.94, -213.18",
      "forward": "0.17, -0.99, -0.01"
    },
    "461": {
      "name": "Hastings",
      "observer_slot": 3,
      "team": "CT",
      "state": {
        "health": 0,
        "armor": 0,
        "helmet": false,
        "flashed": 0,
        "smoked": 0,
        "burning": 0,
        "money": 1000,
        "round_kills": 0,
        "round_killhs": 0,
        "round_totaldmg": 17,
        "equip_value": 0
      },
      "match_stats": {
        "kills": 0,
        "assists": 0,
        "deaths": 1,
        "mvps": 0,
        "score": 0
      },
      "weapons": {},
      "position": "-81.91, 1538.50, -223.51",
      "forward": "1.00, 0.00, -0.00"
    },
    "466": {
      "name": "Niles",
      "observer_slot": 8,
      "team": "T",
      "state": {
        "health": 0,
        "armor": 0,
        "helmet": false,
        "flashed": 0,
        "smoked": 0,
        "burning": 0,
        "money": 1000,
        "round_kills": 0,
        "round_killhs": 0,
        "round_totaldmg": 37,
        "equip_value": 0
      },
      "match_stats": {
        "kills": 0,
        "assists": 0,
        "deaths": 1,
        "mvps": 0,
        "score": 0
      },
      "weapons": {},
      "position": "-81.91, 1538.50, -223.51",
      "forward": "1.00, 0.00, -0.00"
    },
    "472": {
      "name": "York",
      "observer_slot": 9,
      "team": "T",
      "state": {
        "health": 56,
        "armor": 100,
        "helmet": true,
        "flashed": 0,
        "smoked": 0,
        "burning": 0,
        "money": 1000,
        "round_kills": 0,
        "round_killhs": 0,
        "round_totaldmg": 72,
        "equip_value": 1200
      },
      "match_stats": {
        "kills": 0,
        "assists": 1,
        "deaths": 0,
        "mvps": 0,
        "score": 1
      },
      "weapons": {
        "weapon_0": {
          "name": "weapon_knife_t",
          "paintkit": "default",
          "type": "Knife",
          "state": "holstered"
        },
        "weapon_1": {
          "name": "weapon_glock",
          "paintkit": "default",
          "type": "Pistol",
          "ammo_clip": 20,
          "ammo_clip_max": 20,
          "ammo_reserve": 109,
          "state": "active"
        }
      },
      "position": "-863.11, 565.54, -215.97",
      "forward": "0.98, -0.21, -0.05"
    },
    "477": {
      "name": "Conleth",
      "observer_slot": 4,
      "team": "CT",
      "state": {
        "health": 0,
        "armor": 0,
        "helmet": false,
        "flashed": 0,
        "smoked": 0,
        "burning": 0,
        "money": 1150,
        "round_kills": 1,
        "round_killhs": 0,
        "round_totaldmg": 65,
        "equip_value": 1600
      },
      "match_stats": {
        "kills": 1,
        "assists": 0,
        "deaths": 1,
        "mvps": 0,
        "score": 2
      },
      "weapons": {},
      "position": "660.15, -10.78, -215.97",
      "forward": "-0.79, 0.61, -0.04"
    }
  },
  "phase_countdowns": {
    "phase": "live",
    "phase_ends_in": "106.6"
  },
  "grenades": {},
  "bomb": {
    "state": "carried",
    "position": "-210.90, 430.25, -215.97",
    "player": "452"
  },
  "previously": {
    "player": {
      "position": "-846.03, 561.09, -215.97",
      "forward": "0.96, -0.27, -0.05"
    },
    "allplayers": {
      "432": {
        "position": "944.06, -832.69, -318.97",
        "forward": "-0.89, 0.45, -0.01"
      },
      "437": {
        "position": "354.65, -555.25, -215.27",
        "forward": "-0.58, 0.81, -0.09"
      },
      "442": {
        "forward": "-0.94, 0.34, 0.01"
      },
      "447": {
        "forward": "0.93, -0.37, -0.02"
      },
      "452": {
        "position": "-155.99, 415.28, -215.97",
        "forward": "0.94, -0.33, -0.04"
      },
      "457": {
        "position": "1042.83, 838.30, -215.97",
        "forward": "0.19, -0.98, -0.01"
      },
      "467": {
        "name": "Niles",
        "observer_slot": 8,
        "team": "T",
        "state": {
          "health": 0,
          "armor": 0,
          "helmet": false,
          "flashed": 0,
          "smoked": 0,
          "burning": 0,
          "money": 1000,
          "round_kills": 0,
          "round_killhs": 0,
          "round_totaldmg": 37,
          "equip_value": 1200
        },
        "match_stats": {
          "kills": 0,
          "assists": 0,
          "deaths": 1,
          "mvps": 0,
          "score": 0
        },
        "weapons": {},
        "position": "14.63, 461.01, -215.97",
        "forward": "0.90, -0.43, -0.00"
      },
      "472": {
        "position": "-846.03, 561.09, -215.97",
        "forward": "0.96, -0.27, -0.05"
      }
    },
    "phase_countdowns": {
      "phase_ends_in": "106.8"
    },
    "bomb": {
      "position": "-155.99, 415.28, -215.97"
    }
  },
  "added": {
    "allplayers": {
      "466": true
    }
  }
}