{
  "provider": {
    "name": "Counter-Strike: Global Offensive",
    "appid": 730,
    "version": 14126,
    "steamid": "76561198056528922",
    "timestamp": 1764539023
  },
  "map": {
    "mode": "casual",
    "name": "de_train",
    "phase": "live",
    "round": 0,
    "team_ct": {
      "score": 0,
      "consecutive_round_losses": 0,
      "timeouts_remaining": 1,
      "matches_won_this_series": 0
    },
    "team_t": {
      "score": 0,
      "consecutive_round_losses": 0,
      "timeouts_remaining": 1,
      "matches_won_this_series": 0
    },
    "num_matches_to_win_series": 0
  },
  "round": {
    "phase": "live"
  },
  "player": {
    "steamid": "447",
    "name": "Opie",
    "observer_slot": 6,
    "team": "T",
    "activity": "playing",
    "match_stats": {
      "kills": 0,
      "assists": 0,
      "deaths": 0,
      "mvps": 0,
      "score": 0
    },
    "state": {
      "health": 100,
      "armor": 100,
      "helmet": true,
      "flashed": 0,
      "smoked": 0,
      "burning": 0,
      "money": 1000,
      "round_kills": 0,
      "round_killhs": 0,
      "round_totaldmg": 0,
      "equip_value": 1200
    },
    "weapons": {
      "weapon_0": {
        "name": "weapon_knife_t",
        "paintkit": "default",
        "type": "Knife",
        "state": "holstered"
      },
      "weapon_1": {
        "name": "weapon_glock",
        "paintkit": "default",
        "type": "Pistol",
        "ammo_clip": 20,
        "ammo_clip_max": 20,
        "ammo_reserve": 120,
        "state": "active"
      }
    },
    "spectarget": "447",
    "position": "-768.18, 911.90, -215.97",
    "forward": "0.95, 0.33, -0.04"
  },
  "allplayers": {
    "432": {
      "name": "Adônis",
      "observer_slot": 5,
      "team": "T",
      "state": {
        "health": 100,
        "armor": 100,
        "helmet": true,
        "flashed": 0,
        "smoked": 0,
        "burning": 0,
        "money": 1000,
        "round_kills": 0,
        "round_killhs": 0,
        "round_totaldmg": 0,
        "equip_value": 1200
      },
      "match_stats": {
        "kills": 0,
        "assists": 0,
        "deaths": 0,
        "mvps": 0,
        "score": 0
      },
      "weapons": {
        "weapon_0": {
          "name": "weapon_knife_t",
          "paintkit": "default",
          "type": "Knife",
          "state": "holstered"
        },
        "weapon_1": {
          "name": "weapon_glock",
          "paintkit": "default",
          "type": "Pistol",
          "ammo_clip": 20,
          "ammo_clip_max": 20,
          "ammo_reserve": 120,
          "state": "active"
        }
      },
      "position": "-970.27, -500.40, 11.05",
      "forward": "0.30, -0.96, 0.00"
    },
    "437": {
      "name": "Ulysses",
      "observer_slot": 0,
      "team": "CT",
      "state": {
        "health": 100,
        "armor": 100,
        "helmet": true,
        "defusekit": true,
        "flashed": 0,
        "smoked": 0,
        "burning": 0,
        "money": 1000,
        "round_kills": 0,
        "round_killhs": 0,
        "round_totaldmg": 0,
        "equip_value": 1600
      },
      "match_stats": {
        "kills": 0,
        "assists": 0,
        "deaths": 0,
        "mvps": 0,
        "score": 0
      },
      "weapons": {
        "weapon_0": {
          "name": "weapon_knife",
          "paintkit": "default",
          "type": "Knife",
          "state": "holstered"
        },
        "weapon_1": {
          "name": "weapon_hkp2000",
          "paintkit": "default",
          "type": "Pistol",
          "ammo_clip": 13,
          "ammo_clip_max": 13,
          "ammo_reserve": 52,
          "state": "active"
        }
      },
      "position": "534.71, 287.80, -215.97",
      "forward": "-0.96, -0.00, -0.27"
    },
    "442": {
      "name": "Wesley",
      "observer_slot": 1,
      "team": "CT",
      "state": {
        "health": 100,
        "armor": 100,
        "helmet": true,
        "defusekit": true,
        "flashed": 0,
        "smoked": 0,
        "burning": 0,
        "money": 1000,
        "round_kills": 0,
        "round_killhs": 0,
        "round_totaldmg": 0,
        "equip_value": 1600
      },
      "match_stats": {
        "kills": 0,
        "assists": 0,
        "deaths": 0,
        "mvps": 0,
        "score": 0
      },
      "weapons": {
        "weapon_0": {
          "name": "weapon_knife",
          "paintkit": "default",
          "type": "Knife",
          "state": "holstered"
        },
        "weapon_1": {
          "name": "weapon_hkp2000",
          "paintkit": "default",
          "type": "Pistol",
          "ammo_clip": 13,
          "ammo_clip_max": 13,
          "ammo_reserve": 52,
          "state": "active"
        }
      },
      "position": "966.86, 274.84, -211.97",
      "forward": "-0.97, -0.24, -0.02"
    },
    "447": {
      "name": "Opie",
      "observer_slot": 6,
      "team": "T",
      "state": {
        "health": 100,
        "armor": 100,
        "helmet": true,
        "flashed": 0,
        "smoked": 0,
        "burning": 0,
        "money": 1000,
        "round_kills": 0,
        "round_killhs": 0,
        "round_totaldmg": 0,
        "equip_value": 1200
      },
      "match_stats": {
        "kills": 0,
        "assists": 0,
        "deaths": 0,
        "mvps": 0,
        "score": 0
      },
      "weapons": {
        "weapon_0": {
          "name": "weapon_knife_t",
          "paintkit": "default",
          "type": "Knife",
          "state": "holstered"
        },
        "weapon_1": {
          "name": "weapon_glock",
          "paintkit": "default",
          "type": "Pistol",
          "ammo_clip": 20,
          "ammo_clip_max": 20,
          "ammo_reserve": 120,
          "state": "active"
        }
      },
      "position": "-768.18, 911.90, -215.97",
      "forward": "0.95, 0.33, -0.04"
    },
    "452": {
      "name": "Ferris",
      "observer_slot": 7,
      "team": "T",
      "state": {
        "health": 100,
        "armor": 100,
        "helmet": true,
        "flashed": 0,
        "smoked": 0,
        "burning": 0,
        "money": 1000,
        "round_kills": 0,
        "round_killhs": 0,
        "round_totaldmg": 0,
        "equip_value": 1200
      },
      "match_stats": {
        "kills": 0,
        "assists": 0,
        "deaths": 0,
        "mvps": 0,
        "score": 0
      },
      "weapons": {
        "weapon_0": {
          "name": "weapon_knife_t",
          "paintkit": "default",
          "type": "Knife",
          "state": "holstered"
        },
        "weapon_1": {
          "name": "weapon_glock",
          "paintkit": "default",
          "type": "Pistol",
          "ammo_clip": 20,
          "ammo_clip_max": 20,
          "ammo_reserve": 120,
          "state": "active"
        },
        "weapon_2": {
          "name": "weapon_c4",
          "paintkit": "default",
          "type": "C4",
          "state": "holstered"
        }
      },
      "position": "107.35, 469.74, -215.97",
      "forward": "0.85, -0.52, -0.03"
    },
    "457": {
      "name": "Telsen",
      "observer_slot": 2,
      "team": "CT",
      "state": {
        "health": 100,
        "armor": 100,
        "helmet": true,
        "defusekit": true,
        "flashed": 0,
        "smoked": 0,
        "burning": 0,
        "money": 1000,
        "round_kills": 0,
        "round_killhs": 0,
        "round_totaldmg": 0,
        "equip_value": 1600
      },
      "match_stats": {
        "kills": 0,
        "assists": 0,
        "deaths": 0,
        "mvps": 0,
        "score": 0
      },
      "weapons": {
        "weapon_0": {
          "name": "weapon_knife",
          "paintkit": "default",
          "type": "Knife",
          "state": "holstered"
        },
        "weapon_1": {
          "name": "weapon_hkp2000",
          "paintkit": "default",
          "type": "Pistol",
          "ammo_clip": 13,
          "ammo_clip_max": 13,
          "ammo_reserve": 52,
          "state": "active"
        }
      },
      "position": "1116.44, 496.76, -211.97",
      "forward": "-0.68, -0.73, 0.00"
    },
    "462": {
      "name": "Hastings",
      "observer_slot": 3,
      "team": "CT",
      "state": {
        "health": 100,
        "armor": 100,
        "helmet": true,
        "defusekit": true,
        "flashed": 0,
        "smoked": 0,
        "burning": 0,
        "money": 1000,
        "round_kills": 0,
        "round_killhs": 0,
        "round_totaldmg": 0,
        "equip_value": 1600
      },
      "match_stats": {
        "kills": 0,
        "assists": 0,
        "deaths": 0,
        "mvps": 0,
        "score": 0
      },
      "weapons": {
        "weapon_0": {
          "name": "weapon_knife",
          "paintkit": "default",
          "type": "Knife",
          "state": "holstered"
        },
        "weapon_1": {
          "name": "weapon_hkp2000",
          "paintkit": "default",
          "type": "Pistol",
          "ammo_clip": 13,
          "ammo_clip_max": 13,
          "ammo_reserve": 52,
          "state": "active"
        }
      },
      "position": "669.92, -771.45, -213.97",
      "forward": "-0.90, 0.43, 0.00"
    },
    "467": {
      "name": "Niles",
      "observer_slot": 8,
      "team": "T",
      "state": {
        "health": 100,
        "armor": 100,
        "helmet": true,
        "flashed": 0,
        "smoked": 0,
        "burning": 0,
        "money": 1000,
        "round_kills": 0,
        "round_killhs": 0,
        "round_totaldmg": 0,
        "equip_value": 1200
      },
      "match_stats": {
        "kills": 0,
        "assists": 0,
        "deaths": 0,
        "mvps": 0,
        "score": 0
      },
      "weapons": {
        "weapon_0": {
          "name": "weapon_knife_t",
          "paintkit": "default",
          "type": "Knife",
          "state": "holstered"
        },
        "weapon_1": {
          "name": "weapon_glock",
          "paintkit": "default",
          "type": "Pistol",
          "ammo_clip": 19,
          "ammo_clip_max": 20,
          "ammo_reserve": 120,
          "state": "active"
        }
      },
      "position": "93.34, 394.97, -215.97",
      "forward": "0.94, -0.33, -0.08"
    },
    "472": {
      "name": "York",
      "observer_slot": 9,
      "team": "T",
      "state": {
        "health": 100,
        "armor": 100,
        "helmet": true,
        "flashed": 0,
        "smoked": 0,
        "burning": 0,
        "money": 1000,
        "round_kills": 0,
        "round_killhs": 0,
        "round_totaldmg": 0,
        "equip_value": 1200
      },
      "match_stats": {
        "kills": 0,
        "assists": 0,
        "deaths": 0,
        "mvps": 0,
        "score": 0
      },
      "weapons": {
        "weapon_0": {
          "name": "weapon_knife_t",
          "paintkit": "default",
          "type": "Knife",
          "state": "holstered"
        },
        "weapon_1": {
          "name": "weapon_glock",
          "paintkit": "default",
          "type": "Pistol",
          "ammo_clip": 20,
          "ammo_clip_max": 20,
          "ammo_reserve": 120,
          "state": "active"
        }
      },
      "position": "36.83, 464.24, -215.97",
      "forward": "0.95, -0.30, -0.08"
    },
    "477": {
      "name": "Conleth",
      "observer_slot": 4,
      "team": "CT",
      "state": {
        "health": 100,
        "armor": 100,
        "helmet": true,
        "defusekit": true,
        "flashed": 0,
        "smoked": 0,
        "burning": 0,
        "money": 1000,
        "round_kills": 0,
        "round_killhs": 0,
        "round_totaldmg": 0,
        "equip_value": 1600
      },
      "match_stats": {
        "kills": 0,
        "assists": 0,
        "deaths": 0,
        "mvps": 0,
        "score": 0
      },
      "weapons": {
        "weapon_0": {
          "name": "weapon_knife",
          "paintkit": "default",
          "type": "Knife",
          "state": "holstered"
        },
        "weapon_1": {
          "name": "weapon_hkp2000",
          "paintkit": "default",
          "type": "Pistol",
          "ammo_clip": 13,
          "ammo_clip_max": 13,
          "ammo_reserve": 52,
          "state": "active"
        }
      },
      "position": "689.93, -269.98, -160.30",
      "forward": "-0.37, -0.93, -0.01"
    }
  },
  "phase_countdowns": {
    "phase": "live",
    "phase_ends_in": "121.9"
  },
  "grenades": {},
  "bomb": {
    "state": "carried",
    "position": "107.35, 469.74, -215.97",
    "player": "452"
  },
  "previously": {
    "player": {
      "position": "-791.35, 896.96, -214.97",
      "forward": "0.50, -0.86, -0.06"
    },
    "allplayers": {
      "432": {
        "position": "-956.30, -445.07, 18.03",
        "forward": "0.18, -0.98, -0.00"
      },
      "437": {
        "forward": "-0.95, 0.16, -0.25"
      },
      "442": {
        "forward": "-0.98, -0.21, -0.02"
      },
      "447": {
        "position": "-791.35, 896.96, -214.97",
        "forward": "0.50, -0.86, -0.06"
      },
      "452": {
        "position": "84.63, 470.08, -215.97",
        "forward": "0.99, -0.12, -0.01"
      },
      "457": {
        "position": "1147.56, 536.00, -211.97",
        "forward": "-0.61, -0.79, -0.00"
      },
      "462": {
        "position": "716.33, -807.33, -216.85",
        "forward": "-0.89, 0.46, -0.00"
      },
      "467": {
        "weapons": {
          "weapon_1": {
            "ammo_clip": 20
          }
        },
        "position": "93.36, 394.97, -215.97",
        "forward": "0.96, -0.29, -0.05"
      },
      "472": {
        "position": "-2.45, 463.81, -215.97",
        "forward": "1.00, 0.01, -0.00"
      },
      "477": {
        "position": "685.21, -216.70, -192.67",
        "forward": "-0.47, -0.88, -0.00"
      }
    },
    "phase_countdowns": {
      "phase_ends_in": "122.2"
    },
    "bomb": {
      "position": "84.63, 470.08, -215.97"
    }
  }
}