{
  "provider": {
    "name": "Counter-Strike: Global Offensive",
    "appid": 730,
    "version": 14126,
    "steamid": "76561198056528922",
    "timestamp": 1764539032
  },
  "map": {
    "mode": "casual",
    "name": "de_train",
    "phase": "live",
    "round": 0,
    "team_ct": {
      "score": 0,
      "consecutive_round_losses": 0,
      "timeouts_remaining": 1,
      "matches_won_this_series": 0
    },
    "team_t": {
      "score": 0,
      "consecutive_round_losses": 0,
      "timeouts_remaining": 1,
      "matches_won_this_series": 0
    },
    "num_matches_to_win_series": 0
  },
  "round": {
    "phase": "live"
  },
  "player": {
    "steamid": "472",
    "name": "York",
    "observer_slot": 9,
    "team": "T",
    "activity": "playing",
    "match_stats": {
      "kills": 0,
      "assists": 0,
      "deaths": 0,
      "mvps": 0,
      "score": 0
    },
    "state": {
      "health": 56,
      "armor": 100,
      "helmet": true,
      "flashed": 0,
      "smoked": 0,
      "burning": 0,
      "money": 1000,
      "round_kills": 0,
      "round_killhs": 0,
      "round_totaldmg": 72,
      "equip_value": 1200
    },
    "weapons": {
      "weapon_0": {
        "name": "weapon_knife_t",
        "paintkit": "default",
        "type": "Knife",
        "state": "holstered"
      },
      "weapon_1": {
        "name": "weapon_glock",
        "paintkit": "default",
        "type": "Pistol",
        "ammo_clip": 9,
        "ammo_clip_max": 20,
        "ammo_reserve": 120,
        "state": "active"
      }
    },
    "spectarget": "472",
    "position": "39.61, 464.27, -215.97",
    "forward": "0.49, -0.87, -0.08"
  },
  "allplayers": {
    "432": {
      "name": "Adônis",
      "observer_slot": 5,
      "team": "T",
      "state": {
        "health": 100,
        "armor": 100,
        "helmet": true,
        "flashed": 0,
        "smoked": 0,
        "burning": 0,
        "money": 1000,
        "round_kills": 0,
        "round_killhs": 0,
        "round_totaldmg": 0,
        "equip_value": 1200
      },
      "match_stats": {
        "kills": 0,
        "assists": 0,
        "deaths": 0,
        "mvps": 0,
        "score": 0
      },
      "weapons": {
        "weapon_0": {
          "name": "weapon_knife_t",
          "paintkit": "default",
          "type": "Knife",
          "state": "holstered"
        },
        "weapon_1": {
          "name": "weapon_glock",
          "paintkit": "default",
          "type": "Pistol",
          "ammo_clip": 20,
          "ammo_clip_max": 20,
          "ammo_reserve": 120,
          "state": "active"
        }
      },
      "position": "412.31, -894.67, -257.55",
      "forward": "1.00, 0.09, 0.03"
    },
    "437": {
      "name": "Ulysses",
      "observer_slot": 0,
      "team": "CT",
      "state": {
        "health": 100,
        "armor": 100,
        "helmet": true,
        "defusekit": true,
        "flashed": 0,
        "smoked": 0,
        "burning": 0,
        "money": 1000,
        "round_kills": 0,
        "round_killhs": 0,
        "round_totaldmg": 40,
        "equip_value": 1600
      },
      "match_stats": {
        "kills": 0,
        "assists": 0,
        "deaths": 0,
        "mvps": 0,
        "score": 0
      },
      "weapons": {
        "weapon_0": {
          "name": "weapon_knife",
          "paintkit": "default",
          "type": "Knife",
          "state": "holstered"
        },
        "weapon_1": {
          "name": "weapon_hkp2000",
          "paintkit": "default",
          "type": "Pistol",
          "ammo_clip": 7,
          "ammo_clip_max": 13,
          "ammo_reserve": 52,
          "state": "reloading"
        }
      },
      "position": "390.10, -548.16, -209.24",
      "forward": "-0.26, 0.97, -0.01"
    },
    "442": {
      "name": "Wesley",
      "observer_slot": 1,
      "team": "CT",
      "state": {
        "health": 100,
        "armor": 100,
        "helmet": true,
        "defusekit": true,
        "flashed": 0,
        "smoked": 0,
        "burning": 0,
        "money": 1000,
        "round_kills": 0,
        "round_killhs": 0,
        "round_totaldmg": 44,
        "equip_value": 1600
      },
      "match_stats": {
        "kills": 0,
        "assists": 0,
        "deaths": 0,
        "mvps": 0,
        "score": 0
      },
      "weapons": {
        "weapon_0": {
          "name": "weapon_knife",
          "paintkit": "default",
          "type": "Knife",
          "state": "holstered"
        },
        "weapon_1": {
          "name": "weapon_hkp2000",
          "paintkit": "default",
          "type": "Pistol",
          "ammo_clip": 11,
          "ammo_clip_max": 13,
          "ammo_reserve": 52,
          "state": "active"
        }
      },
      "position": "788.04, 122.24, -211.97",
      "forward": "-0.89, 0.46, -0.01"
    },
    "447": {
      "name": "Opie",
      "observer_slot": 6,
      "team": "T",
      "state": {
        "health": 100,
        "armor": 100,
        "helmet": true,
        "flashed": 0,
        "smoked": 0,
        "burning": 0,
        "money": 1000,
        "round_kills": 0,
        "round_killhs": 0,
        "round_totaldmg": 0,
        "equip_value": 1200
      },
      "match_stats": {
        "kills": 0,
        "assists": 0,
        "deaths": 0,
        "mvps": 0,
        "score": 0
      },
      "weapons": {
        "weapon_0": {
          "name": "weapon_knife_t",
          "paintkit": "default",
          "type": "Knife",
          "state": "holstered"
        },
        "weapon_1": {
          "name": "weapon_glock",
          "paintkit": "default",
          "type": "Pistol",
          "ammo_clip": 20,
          "ammo_clip_max": 20,
          "ammo_reserve": 120,
          "state": "active"
        }
      },
      "position": "-647.24, 452.82, -215.97",
      "forward": "0.99, -0.17, -0.03"
    },
    "452": {
      "name": "Ferris",
      "observer_slot": 7,
      "team": "T",
      "state": {
        "health": 81,
        "armor": 91,
        "helmet": true,
        "flashed": 0,
        "smoked": 0,
        "burning": 0,
        "money": 1000,
        "round_kills": 0,
        "round_killhs": 0,
        "round_totaldmg": 20,
        "equip_value": 1200
      },
      "match_stats": {
        "kills": 0,
        "assists": 0,
        "deaths": 0,
        "mvps": 0,
        "score": 0
      },
      "weapons": {
        "weapon_0": {
          "name": "weapon_knife_t",
          "paintkit": "default",
          "type": "Knife",
          "state": "holstered"
        },
        "weapon_1": {
          "name": "weapon_glock",
          "paintkit": "default",
          "type": "Pistol",
          "ammo_clip": 12,
          "ammo_clip_max": 20,
          "ammo_reserve": 120,
          "state": "active"
        },
        "weapon_2": {
          "name": "weapon_c4",
          "paintkit": "default",
          "type": "C4",
          "state": "holstered"
        }
      },
      "position": "95.64, 477.66, -215.97",
      "forward": "0.33, -0.94, -0.12"
    },
    "457": {
      "name": "Telsen",
      "observer_slot": 2,
      "team": "CT",
      "state": {
        "health": 100,
        "armor": 100,
        "helmet": true,
        "defusekit": true,
        "flashed": 0,
        "smoked": 0,
        "burning": 0,
        "money": 1000,
        "round_kills": 0,
        "round_killhs": 0,
        "round_totaldmg": 0,
        "equip_value": 1600
      },
      "match_stats": {
        "kills": 0,
        "assists": 0,
        "deaths": 0,
        "mvps": 0,
        "score": 0
      },
      "weapons": {
        "weapon_0": {
          "name": "weapon_knife",
          "paintkit": "default",
          "type": "Knife",
          "state": "holstered"
        },
        "weapon_1": {
          "name": "weapon_hkp2000",
          "paintkit": "default",
          "type": "Pistol",
          "ammo_clip": 13,
          "ammo_clip_max": 13,
          "ammo_reserve": 52,
          "state": "active"
        }
      },
      "position": "1205.53, 727.94, -211.97",
      "forward": "-0.62, -0.79, -0.03"
    },
    "462": {
      "name": "Hastings",
      "observer_slot": 3,
      "team": "CT",
      "state": {
        "health": 80,
        "armor": 100,
        "helmet": true,
        "defusekit": true,
        "flashed": 0,
        "smoked": 0,
        "burning": 0,
        "money": 1000,
        "round_kills": 0,
        "round_killhs": 0,
        "round_totaldmg": 17,
        "equip_value": 1600
      },
      "match_stats": {
        "kills": 0,
        "assists": 0,
        "deaths": 0,
        "mvps": 0,
        "score": 0
      },
      "weapons": {
        "weapon_0": {
          "name": "weapon_knife",
          "paintkit": "default",
          "type": "Knife",
          "state": "holstered"
        },
        "weapon_1": {
          "name": "weapon_hkp2000",
          "paintkit": "default",
          "type": "Pistol",
          "ammo_clip": 8,
          "ammo_clip_max": 13,
          "ammo_reserve": 52,
          "state": "active"
        }
      },
      "position": "219.37, 141.98, -215.97",
      "forward": "0.26, 0.95, -0.15"
    },
    "467": {
      "name": "Niles",
      "observer_slot": 8,
      "team": "T",
      "state": {
        "health": 43,
        "armor": 74,
        "helmet": true,
        "flashed": 0,
        "smoked": 0,
        "burning": 0,
        "money": 1000,
        "round_kills": 0,
        "round_killhs": 0,
        "round_totaldmg": 0,
        "equip_value": 1200
      },
      "match_stats": {
        "kills": 0,
        "assists": 0,
        "deaths": 0,
        "mvps": 0,
        "score": 0
      },
      "weapons": {
        "weapon_0": {
          "name": "weapon_knife_t",
          "paintkit": "default",
          "type": "Knife",
          "state": "holstered"
        },
        "weapon_1": {
          "name": "weapon_glock",
          "paintkit": "default",
          "type": "Pistol",
          "ammo_clip": 13,
          "ammo_clip_max": 20,
          "ammo_reserve": 120,
          "state": "active"
        }
      },
      "position": "282.06, 261.12, -215.97",
      "forward": "0.91, -0.39, -0.13"
    },
    "472": {
      "name": "York",
      "observer_slot": 9,
      "team": "T",
      "state": {
        "health": 56,
        "armor": 100,
        "helmet": true,
        "flashed": 0,
        "smoked": 0,
        "burning": 0,
        "money": 1000,
        "round_kills": 0,
        "round_killhs": 0,
        "round_totaldmg": 72,
        "equip_value": 1200
      },
      "match_stats": {
        "kills": 0,
        "assists": 0,
        "deaths": 0,
        "mvps": 0,
        "score": 0
      },
      "weapons": {
        "weapon_0": {
          "name": "weapon_knife_t",
          "paintkit": "default",
          "type": "Knife",
          "state": "holstered"
        },
        "weapon_1": {
          "name": "weapon_glock",
          "paintkit": "default",
          "type": "Pistol",
          "ammo_clip": 9,
          "ammo_clip_max": 20,
          "ammo_reserve": 120,
          "state": "active"
        }
      },
      "position": "39.61, 464.27, -215.97",
      "forward": "0.49, -0.87, -0.08"
    },
    "477": {
      "name": "Conleth",
      "observer_slot": 4,
      "team": "CT",
      "state": {
        "health": 28,
        "armor": 72,
        "helmet": true,
        "defusekit": true,
        "flashed": 0,
        "smoked": 0,
        "burning": 0,
        "money": 1000,
        "round_kills": 0,
        "round_killhs": 0,
        "round_totaldmg": 19,
        "equip_value": 1600
      },
      "match_stats": {
        "kills": 0,
        "assists": 0,
        "deaths": 0,
        "mvps": 0,
        "score": 0
      },
      "weapons": {
        "weapon_0": {
          "name": "weapon_knife",
          "paintkit": "default",
          "type": "Knife",
          "state": "holstered"
        },
        "weapon_1": {
          "name": "weapon_hkp2000",
          "paintkit": "default",
          "type": "Pistol",
          "ammo_clip": 8,
          "ammo_clip_max": 13,
          "ammo_reserve": 52,
          "state": "active"
        }
      },
      "position": "660.15, -10.78, -215.97",
      "forward": "-0.73, 0.68, -0.03"
    }
  },
  "phase_countdowns": {
    "phase": "live",
    "phase_ends_in": "113.8"
  },
  "grenades": {},
  "bomb": {
    "state": "carried",
    "position": "95.64, 477.66, -215.97",
    "player": "452"
  },
  "previously": {
    "player": {
      "weapons": {
        "weapon_1": {
          "ammo_clip": 10
        }
      },
      "forward": "0.52, -0.85, -0.08"
    },
    "allplayers": {
      "432": {
        "position": "374.78, -934.82, -282.39",
        "forward": "0.99, 0.13, 0.03"
      },
      "437": {
        "weapons": {
          "weapon_1": {
            "state": "active"
          }
        },
        "forward": "-0.28, 0.96, -0.01"
      },
      "447": {
        "position": "-691.81, 489.18, -215.97",
        "forward": "0.97, -0.22, -0.02"
      },
      "452": {
        "state": {
          "round_totaldmg": 0
        },
        "weapons": {
          "weapon_1": {
            "ammo_clip": 13
          }
        },
        "forward": "0.30, -0.95, -0.12"
      },
      "457": {
        "position": "1206.25, 727.94, -211.97",
        "forward": "-0.62, -0.79, -0.02"
      },
      "462": {
        "state": {
          "health": 100
        },
        "weapons": {
          "weapon_1": {
            "ammo_clip": 9
          }
        },
        "forward": "0.08, 0.98, -0.16"
      },
      "467": {
        "position": "260.05, 306.15, -215.97",
        "forward": "0.88, -0.46, -0.10"
      },
      "472": {
        "weapons": {
          "weapon_1": {
            "ammo_clip": 10
          }
        },
        "forward": "0.52, -0.85, -0.08"
      },
      "477": {
        "weapons": {
          "weapon_1": {
            "ammo_clip": 9
          }
        },
        "forward": "-0.72, 0.69, -0.03"
      }
    },
    "phase_countdowns": {
      "phase_ends_in": "114.0"
    }
  }
}