{
  "provider": {
    "name": "Counter-Strike: Global Offensive",
    "appid": 730,
    "version": 14126,
    "steamid": "76561198056528922",
    "timestamp": 1764539027
  },
  "map": {
    "mode": "casual",
    "name": "de_train",
    "phase": "live",
    "round": 0,
    "team_ct": {
      "score": 0,
      "consecutive_round_losses": 0,
      "timeouts_remaining": 1,
      "matches_won_this_series": 0
    },
    "team_t": {
      "score": 0,
      "consecutive_round_losses": 0,
      "timeouts_remaining": 1,
      "matches_won_this_series": 0
    },
    "num_matches_to_win_series": 0
  },
  "round": {
    "phase": "live"
  },
  "player": {
    "steamid": "447",
    "name": "Opie",
    "observer_slot": 6,
    "team": "T",
    "activity": "playing",
    "match_stats": {
      "kills": 0,
      "assists": 0,
      "deaths": 0,
      "mvps": 0,
      "score": 0
    },
    "state": {
      "health": 100,
      "armor": 100,
      "helmet": true,
      "flashed": 0,
      "smoked": 0,
      "burning": 0,
      "money": 1000,
      "round_kills": 0,
      "round_killhs": 0,
      "round_totaldmg": 0,
      "equip_value": 1200
    },
    "weapons": {
      "weapon_0": {
        "name": "weapon_knife_t",
        "paintkit": "default",
        "type": "Knife",
        "state": "holstered"
      },
      "weapon_1": {
        "name": "weapon_glock",
        "paintkit": "default",
        "type": "Pistol",
        "ammo_clip": 20,
        "ammo_clip_max": 20,
        "ammo_reserve": 120,
        "state": "active"
      }
    },
    "spectarget": "447",
    "position": "-872.55, 807.14, -215.97",
    "forward": "0.41, -0.91, -0.01"
  },
  "allplayers": {
    "432": {
      "name": "Adônis",
      "observer_slot": 5,
      "team": "T",
      "state": {
        "health": 100,
        "armor": 100,
        "helmet": true,
        "flashed": 0,
        "smoked": 0,
        "burning": 0,
        "money": 1000,
        "round_kills": 0,
        "round_killhs": 0,
        "round_totaldmg": 0,
        "equip_value": 1200
      },
      "match_stats": {
        "kills": 0,
        "assists": 0,
        "deaths": 0,
        "mvps": 0,
        "score": 0
      },
      "weapons": {
        "weapon_0": {
          "name": "weapon_knife_t",
          "paintkit": "default",
          "type": "Knife",
          "state": "holstered"
        },
        "weapon_1": {
          "name": "weapon_glock",
          "paintkit": "default",
          "type": "Pistol",
          "ammo_clip": 20,
          "ammo_clip_max": 20,
          "ammo_reserve": 120,
          "state": "active"
        }
      },
      "position": "-722.46, -855.69, -244.29",
      "forward": "0.99, -0.12, 0.02"
    },
    "437": {
      "name": "Ulysses",
      "observer_slot": 0,
      "team": "CT",
      "state": {
        "health": 100,
        "armor": 100,
        "helmet": true,
        "defusekit": true,
        "flashed": 0,
        "smoked": 0,
        "burning": 0,
        "money": 1000,
        "round_kills": 0,
        "round_killhs": 0,
        "round_totaldmg": 40,
        "equip_value": 1600
      },
      "match_stats": {
        "kills": 0,
        "assists": 0,
        "deaths": 0,
        "mvps": 0,
        "score": 0
      },
      "weapons": {
        "weapon_0": {
          "name": "weapon_knife",
          "paintkit": "default",
          "type": "Knife",
          "state": "holstered"
        },
        "weapon_1": {
          "name": "weapon_hkp2000",
          "paintkit": "default",
          "type": "Pistol",
          "ammo_clip": 8,
          "ammo_clip_max": 13,
          "ammo_reserve": 52,
          "state": "active"
        }
      },
      "position": "195.08, 52.95, -215.97",
      "forward": "-0.58, 0.81, -0.09"
    },
    "442": {
      "name": "Wesley",
      "observer_slot": 1,
      "team": "CT",
      "state": {
        "health": 100,
        "armor": 100,
        "helmet": true,
        "defusekit": true,
        "flashed": 0,
        "smoked": 0,
        "burning": 0,
        "money": 1000,
        "round_kills": 0,
        "round_killhs": 0,
        "round_totaldmg": 0,
        "equip_value": 1600
      },
      "match_stats": {
        "kills": 0,
        "assists": 0,
        "deaths": 0,
        "mvps": 0,
        "score": 0
      },
      "weapons": {
        "weapon_0": {
          "name": "weapon_knife",
          "paintkit": "default",
          "type": "Knife",
          "state": "holstered"
        },
        "weapon_1": {
          "name": "weapon_hkp2000",
          "paintkit": "default",
          "type": "Pistol",
          "ammo_clip": 13,
          "ammo_clip_max": 13,
          "ammo_reserve": 52,
          "state": "active"
        }
      },
      "position": "788.21, 122.38, -211.97",
      "forward": "-0.88, 0.37, -0.30"
    },
    "447": {
      "name": "Opie",
      "observer_slot": 6,
      "team": "T",
      "state": {
        "health": 100,
        "armor": 100,
        "helmet": true,
        "flashed": 0,
        "smoked": 0,
        "burning": 0,
        "money": 1000,
        "round_kills": 0,
        "round_killhs": 0,
        "round_totaldmg": 0,
        "equip_value": 1200
      },
      "match_stats": {
        "kills": 0,
        "assists": 0,
        "deaths": 0,
        "mvps": 0,
        "score": 0
      },
      "weapons": {
        "weapon_0": {
          "name": "weapon_knife_t",
          "paintkit": "default",
          "type": "Knife",
          "state": "holstered"
        },
        "weapon_1": {
          "name": "weapon_glock",
          "paintkit": "default",
          "type": "Pistol",
          "ammo_clip": 20,
          "ammo_clip_max": 20,
          "ammo_reserve": 120,
          "state": "active"
        }
      },
      "position": "-872.55, 807.14, -215.97",
      "forward": "0.41, -0.91, -0.01"
    },
    "452": {
      "name": "Ferris",
      "observer_slot": 7,
      "team": "T",
      "state": {
        "health": 100,
        "armor": 100,
        "helmet": true,
        "flashed": 0,
        "smoked": 0,
        "burning": 0,
        "money": 1000,
        "round_kills": 0,
        "round_killhs": 0,
        "round_totaldmg": 0,
        "equip_value": 1200
      },
      "match_stats": {
        "kills": 0,
        "assists": 0,
        "deaths": 0,
        "mvps": 0,
        "score": 0
      },
      "weapons": {
        "weapon_0": {
          "name": "weapon_knife_t",
          "paintkit": "default",
          "type": "Knife",
          "state": "holstered"
        },
        "weapon_1": {
          "name": "weapon_glock",
          "paintkit": "default",
          "type": "Pistol",
          "ammo_clip": 15,
          "ammo_clip_max": 20,
          "ammo_reserve": 120,
          "state": "active"
        },
        "weapon_2": {
          "name": "weapon_c4",
          "paintkit": "default",
          "type": "C4",
          "state": "holstered"
        }
      },
      "position": "107.47, 469.74, -215.97",
      "forward": "0.31, -0.95, -0.10"
    },
    "457": {
      "name": "Telsen",
      "observer_slot": 2,
      "team": "CT",
      "state": {
        "health": 100,
        "armor": 100,
        "helmet": true,
        "defusekit": true,
        "flashed": 0,
        "smoked": 0,
        "burning": 0,
        "money": 1000,
        "round_kills": 0,
        "round_killhs": 0,
        "round_totaldmg": 0,
        "equip_value": 1600
      },
      "match_stats": {
        "kills": 0,
        "assists": 0,
        "deaths": 0,
        "mvps": 0,
        "score": 0
      },
      "weapons": {
        "weapon_0": {
          "name": "weapon_knife",
          "paintkit": "default",
          "type": "Knife",
          "state": "holstered"
        },
        "weapon_1": {
          "name": "weapon_hkp2000",
          "paintkit": "default",
          "type": "Pistol",
          "ammo_clip": 13,
          "ammo_clip_max": 13,
          "ammo_reserve": 52,
          "state": "active"
        }
      },
      "position": "1105.42, 473.13, -211.97",
      "forward": "-0.91, 0.41, -0.04"
    },
    "462": {
      "name": "Hastings",
      "observer_slot": 3,
      "team": "CT",
      "state": {
        "health": 100,
        "armor": 100,
        "helmet": true,
        "defusekit": true,
        "flashed": 0,
        "smoked": 0,
        "burning": 0,
        "money": 1000,
        "round_kills": 0,
        "round_killhs": 0,
        "round_totaldmg": 0,
        "equip_value": 1600
      },
      "match_stats": {
        "kills": 0,
        "assists": 0,
        "deaths": 0,
        "mvps": 0,
        "score": 0
      },
      "weapons": {
        "weapon_0": {
          "name": "weapon_knife",
          "paintkit": "default",
          "type": "Knife",
          "state": "holstered"
        },
        "weapon_1": {
          "name": "weapon_hkp2000",
          "paintkit": "default",
          "type": "Pistol",
          "ammo_clip": 13,
          "ammo_clip_max": 13,
          "ammo_reserve": 52,
          "state": "active"
        }
      },
      "position": "223.65, -395.96, -216.46",
      "forward": "-0.33, 0.94, 0.02"
    },
    "467": {
      "name": "Niles",
      "observer_slot": 8,
      "team": "T",
      "state": {
        "health": 60,
        "armor": 82,
        "helmet": true,
        "flashed": 0,
        "smoked": 0,
        "burning": 0,
        "money": 1000,
        "round_kills": 0,
        "round_killhs": 0,
        "round_totaldmg": 0,
        "equip_value": 1200
      },
      "match_stats": {
        "kills": 0,
        "assists": 0,
        "deaths": 0,
        "mvps": 0,
        "score": 0
      },
      "weapons": {
        "weapon_0": {
          "name": "weapon_knife_t",
          "paintkit": "default",
          "type": "Knife",
          "state": "holstered"
        },
        "weapon_1": {
          "name": "weapon_glock",
          "paintkit": "default",
          "type": "Pistol",
          "ammo_clip": 13,
          "ammo_clip_max": 20,
          "ammo_reserve": 120,
          "state": "active"
        }
      },
      "position": "-18.69, 368.02, -215.97",
      "forward": "0.95, -0.31, -0.03"
    },
    "472": {
      "name": "York",
      "observer_slot": 9,
      "team": "T",
      "state": {
        "health": 100,
        "armor": 100,
        "helmet": true,
        "flashed": 0,
        "smoked": 0,
        "burning": 0,
        "money": 1000,
        "round_kills": 0,
        "round_killhs": 0,
        "round_totaldmg": 0,
        "equip_value": 1200
      },
      "match_stats": {
        "kills": 0,
        "assists": 0,
        "deaths": 0,
        "mvps": 0,
        "score": 0
      },
      "weapons": {
        "weapon_0": {
          "name": "weapon_knife_t",
          "paintkit": "default",
          "type": "Knife",
          "state": "holstered"
        },
        "weapon_1": {
          "name": "weapon_glock",
          "paintkit": "default",
          "type": "Pistol",
          "ammo_clip": 17,
          "ammo_clip_max": 20,
          "ammo_reserve": 120,
          "state": "active"
        }
      },
      "position": "39.61, 464.27, -215.97",
      "forward": "0.50, -0.85, -0.17"
    },
    "477": {
      "name": "Conleth",
      "observer_slot": 4,
      "team": "CT",
      "state": {
        "health": 100,
        "armor": 100,
        "helmet": true,
        "defusekit": true,
        "flashed": 0,
        "smoked": 0,
        "burning": 0,
        "money": 1000,
        "round_kills": 0,
        "round_killhs": 0,
        "round_totaldmg": 0,
        "equip_value": 1600
      },
      "match_stats": {
        "kills": 0,
        "assists": 0,
        "deaths": 0,
        "mvps": 0,
        "score": 0
      },
      "weapons": {
        "weapon_0": {
          "name": "weapon_knife",
          "paintkit": "default",
          "type": "Knife",
          "state": "holstered"
        },
        "weapon_1": {
          "name": "weapon_hkp2000",
          "paintkit": "default",
          "type": "Pistol",
          "ammo_clip": 13,
          "ammo_clip_max": 13,
          "ammo_reserve": 52,
          "state": "active"
        }
      },
      "position": "668.93, -35.24, -215.97",
      "forward": "-0.71, 0.71, -0.03"
    }
  },
  "phase_countdowns": {
    "phase": "live",
    "phase_ends_in": "119.1"
  },
  "grenades": {},
  "bomb": {
    "state": "carried",
    "position": "107.47, 469.74, -215.97",
    "player": "452"
  },
  "previously": {
    "player": {
      "forward": "0.45, -0.90, -0.01"
    },
    "allplayers": {
      "432": {
        "position": "-780.35, -847.13, -201.50",
        "forward": "0.99, -0.11, 0.02"
      },
      "437": {
        "position": "238.57, 93.43, -215.97",
        "forward": "-0.68, 0.73, -0.10"
      },
      "442": {
        "position": "800.81, 133.06, -211.97",
        "forward": "-0.93, 0.30, -0.21"
      },
      "447": {
        "forward": "0.45, -0.90, -0.01"
      },
      "452": {
        "forward": "0.44, -0.90, -0.06"
      },
      "457": {
        "position": "1063.04, 434.02, -211.97",
        "forward": "-0.87, 0.49, -0.04"
      },
      "462": {
        "position": "250.55, -448.92, -216.96",
        "forward": "-0.44, 0.90, 0.02"
      },
      "467": {
        "position": "-18.14, 368.17, -215.97",
        "forward": "0.93, -0.38, -0.03"
      },
      "472": {
        "forward": "0.64, -0.75, -0.14"
      },
      "477": {
        "position": "690.68, -88.34, -215.97",
        "forward": "-0.50, 0.87, -0.02"
      }
    },
    "phase_countdowns": {
      "phase_ends_in": "119.3"
    }
  }
}