{
  "provider": {
    "name": "Counter-Strike: Global Offensive",
    "appid": 730,
    "version": 14126,
    "steamid": "76561198056528922",
    "timestamp": 1764539014
  },
  "map": {
    "mode": "casual",
    "name": "de_train",
    "phase": "live",
    "round": 0,
    "team_ct": {
      "score": 0,
      "consecutive_round_losses": 0,
      "timeouts_remaining": 1,
      "matches_won_this_series": 0
    },
    "team_t": {
      "score": 0,
      "consecutive_round_losses": 0,
      "timeouts_remaining": 1,
      "matches_won_this_series": 0
    },
    "num_matches_to_win_series": 0
  },
  "round": {
    "phase": "live"
  },
  "player": {
    "steamid": "447",
    "name": "Opie",
    "observer_slot": 6,
    "team": "T",
    "activity": "playing",
    "match_stats": {
      "kills": 0,
      "assists": 0,
      "deaths": 0,
      "mvps": 0,
      "score": 0
    },
    "state": {
      "health": 100,
      "armor": 100,
      "helmet": true,
      "flashed": 0,
      "smoked": 0,
      "burning": 0,
      "money": 1000,
      "round_kills": 0,
      "round_killhs": 0,
      "round_totaldmg": 0,
      "equip_value": 1200
    },
    "weapons": {
      "weapon_0": {
        "name": "weapon_knife_t",
        "paintkit": "default",
        "type": "Knife",
        "state": "holstered"
      },
      "weapon_1": {
        "name": "weapon_glock",
        "paintkit": "default",
        "type": "Pistol",
        "ammo_clip": 20,
        "ammo_clip_max": 20,
        "ammo_reserve": 120,
        "state": "active"
      }
    },
    "spectarget": "447",
    "position": "-780.43, 1261.62, -215.97",
    "forward": "0.06, -1.00, -0.03"
  },
  "allplayers": {
    "432": {
      "name": "Adônis",
      "observer_slot": 5,
      "team": "T",
      "state": {
        "health": 100,
        "armor": 100,
        "helmet": true,
        "flashed": 0,
        "smoked": 0,
        "burning": 0,
        "money": 1000,
        "round_kills": 0,
        "round_killhs": 0,
        "round_totaldmg": 0,
        "equip_value": 1200
      },
      "match_stats": {
        "kills": 0,
        "assists": 0,
        "deaths": 0,
        "mvps": 0,
        "score": 0
      },
      "weapons": {
        "weapon_0": {
          "name": "weapon_knife_t",
          "paintkit": "default",
          "type": "Knife",
          "state": "holstered"
        },
        "weapon_1": {
          "name": "weapon_glock",
          "paintkit": "default",
          "type": "Pistol",
          "ammo_clip": 20,
          "ammo_clip_max": 20,
          "ammo_reserve": 120,
          "state": "active"
        }
      },
      "position": "-863.09, 1193.22, -212.84",
      "forward": "-0.18, -0.98, -0.03"
    },
    "437": {
      "name": "Ulysses",
      "observer_slot": 0,
      "team": "CT",
      "state": {
        "health": 100,
        "armor": 100,
        "helmet": true,
        "defusekit": true,
        "flashed": 0,
        "smoked": 0,
        "burning": 0,
        "money": 1000,
        "round_kills": 0,
        "round_killhs": 0,
        "round_totaldmg": 0,
        "equip_value": 1600
      },
      "match_stats": {
        "kills": 0,
        "assists": 0,
        "deaths": 0,
        "mvps": 0,
        "score": 0
      },
      "weapons": {
        "weapon_0": {
          "name": "weapon_knife",
          "paintkit": "default",
          "type": "Knife",
          "state": "holstered"
        },
        "weapon_1": {
          "name": "weapon_hkp2000",
          "paintkit": "default",
          "type": "Pistol",
          "ammo_clip": 13,
          "ammo_clip_max": 13,
          "ammo_reserve": 52,
          "state": "active"
        }
      },
      "position": "1613.33, -422.88, -239.02",
      "forward": "-0.56, 0.83, -0.03"
    },
    "442": {
      "name": "Wesley",
      "observer_slot": 1,
      "team": "CT",
      "state": {
        "health": 100,
        "armor": 100,
        "helmet": true,
        "defusekit": true,
        "flashed": 0,
        "smoked": 0,
        "burning": 0,
        "money": 1000,
        "round_kills": 0,
        "round_killhs": 0,
        "round_totaldmg": 0,
        "equip_value": 1600
      },
      "match_stats": {
        "kills": 0,
        "assists": 0,
        "deaths": 0,
        "mvps": 0,
        "score": 0
      },
      "weapons": {
        "weapon_0": {
          "name": "weapon_knife",
          "paintkit": "default",
          "type": "Knife",
          "state": "holstered"
        },
        "weapon_1": {
          "name": "weapon_hkp2000",
          "paintkit": "default",
          "type": "Pistol",
          "ammo_clip": 13,
          "ammo_clip_max": 13,
          "ammo_reserve": 52,
          "state": "active"
        }
      },
      "position": "1609.57, -269.20, -211.97",
      "forward": "-0.24, 0.97, -0.03"
    },
    "447": {
      "name": "Opie",
      "observer_slot": 6,
      "team": "T",
      "state": {
        "health": 100,
        "armor": 100,
        "helmet": true,
        "flashed": 0,
        "smoked": 0,
        "burning": 0,
        "money": 1000,
        "round_kills": 0,
        "round_killhs": 0,
        "round_totaldmg": 0,
        "equip_value": 1200
      },
      "match_stats": {
        "kills": 0,
        "assists": 0,
        "deaths": 0,
        "mvps": 0,
        "score": 0
      },
      "weapons": {
        "weapon_0": {
          "name": "weapon_knife_t",
          "paintkit": "default",
          "type": "Knife",
          "state": "holstered"
        },
        "weapon_1": {
          "name": "weapon_glock",
          "paintkit": "default",
          "type": "Pistol",
          "ammo_clip": 20,
          "ammo_clip_max": 20,
          "ammo_reserve": 120,
          "state": "active"
        }
      },
      "position": "-780.43, 1261.62, -215.97",
      "forward": "0.06, -1.00, -0.03"
    },
    "452": {
      "name": "Ferris",
      "observer_slot": 7,
      "team": "T",
      "state": {
        "health": 100,
        "armor": 100,
        "helmet": true,
        "flashed": 0,
        "smoked": 0,
        "burning": 0,
        "money": 1000,
        "round_kills": 0,
        "round_killhs": 0,
        "round_totaldmg": 0,
        "equip_value": 1200
      },
      "match_stats": {
        "kills": 0,
        "assists": 0,
        "deaths": 0,
        "mvps": 0,
        "score": 0
      },
      "weapons": {
        "weapon_0": {
          "name": "weapon_knife_t",
          "paintkit": "default",
          "type": "Knife",
          "state": "holstered"
        },
        "weapon_1": {
          "name": "weapon_glock",
          "paintkit": "default",
          "type": "Pistol",
          "ammo_clip": 20,
          "ammo_clip_max": 20,
          "ammo_reserve": 120,
          "state": "active"
        },
        "weapon_2": {
          "name": "weapon_c4",
          "paintkit": "default",
          "type": "C4",
          "state": "holstered"
        }
      },
      "position": "-773.59, 1303.66, -215.97",
      "forward": "0.24, -0.97, -0.03"
    },
    "457": {
      "name": "Telsen",
      "observer_slot": 2,
      "team": "CT",
      "state": {
        "health": 100,
        "armor": 100,
        "helmet": true,
        "defusekit": true,
        "flashed": 0,
        "smoked": 0,
        "burning": 0,
        "money": 1000,
        "round_kills": 0,
        "round_killhs": 0,
        "round_totaldmg": 0,
        "equip_value": 1600
      },
      "match_stats": {
        "kills": 0,
        "assists": 0,
        "deaths": 0,
        "mvps": 0,
        "score": 0
      },
      "weapons": {
        "weapon_0": {
          "name": "weapon_knife",
          "paintkit": "default",
          "type": "Knife",
          "state": "holstered"
        },
        "weapon_1": {
          "name": "weapon_hkp2000",
          "paintkit": "default",
          "type": "Pistol",
          "ammo_clip": 13,
          "ammo_clip_max": 13,
          "ammo_reserve": 52,
          "state": "active"
        }
      },
      "position": "1599.86, -194.26, -211.97",
      "forward": "-0.28, 0.96, -0.03"
    },
    "462": {
      "name": "Hastings",
      "observer_slot": 3,
      "team": "CT",
      "state": {
        "health": 100,
        "armor": 100,
        "helmet": true,
        "defusekit": true,
        "flashed": 0,
        "smoked": 0,
        "burning": 0,
        "money": 1000,
        "round_kills": 0,
        "round_killhs": 0,
        "round_totaldmg": 0,
        "equip_value": 1600
      },
      "match_stats": {
        "kills": 0,
        "assists": 0,
        "deaths": 0,
        "mvps": 0,
        "score": 0
      },
      "weapons": {
        "weapon_0": {
          "name": "weapon_knife",
          "paintkit": "default",
          "type": "Knife",
          "state": "holstered"
        },
        "weapon_1": {
          "name": "weapon_hkp2000",
          "paintkit": "default",
          "type": "Pistol",
          "ammo_clip": 13,
          "ammo_clip_max": 13,
          "ammo_reserve": 52,
          "state": "active"
        }
      },
      "position": "944.06, -818.38, -318.97",
      "forward": "-0.98, 0.20, -0.03"
    },
    "467": {
      "name": "Niles",
      "observer_slot": 8,
      "team": "T",
      "state": {
        "health": 100,
        "armor": 100,
        "helmet": true,
        "flashed": 0,
        "smoked": 0,
        "burning": 0,
        "money": 1000,
        "round_kills": 0,
        "round_killhs": 0,
        "round_totaldmg": 0,
        "equip_value": 1200
      },
      "match_stats": {
        "kills": 0,
        "assists": 0,
        "deaths": 0,
        "mvps": 0,
        "score": 0
      },
      "weapons": {
        "weapon_0": {
          "name": "weapon_knife_t",
          "paintkit": "default",
          "type": "Knife",
          "state": "holstered"
        },
        "weapon_1": {
          "name": "weapon_glock",
          "paintkit": "default",
          "type": "Pistol",
          "ammo_clip": 20,
          "ammo_clip_max": 20,
          "ammo_reserve": 120,
          "state": "active"
        }
      },
      "position": "-731.73, 1226.67, -215.97",
      "forward": "0.01, -1.00, -0.03"
    },
    "472": {
      "name": "York",
      "observer_slot": 9,
      "team": "T",
      "state": {
        "health": 100,
        "armor": 100,
        "helmet": true,
        "flashed": 0,
        "smoked": 0,
        "burning": 0,
        "money": 1000,
        "round_kills": 0,
        "round_killhs": 0,
        "round_totaldmg": 0,
        "equip_value": 1200
      },
      "match_stats": {
        "kills": 0,
        "assists": 0,
        "deaths": 0,
        "mvps": 0,
        "score": 0
      },
      "weapons": {
        "weapon_0": {
          "name": "weapon_knife_t",
          "paintkit": "default",
          "type": "Knife",
          "state": "holstered"
        },
        "weapon_1": {
          "name": "weapon_glock",
          "paintkit": "default",
          "type": "Pistol",
          "ammo_clip": 20,
          "ammo_clip_max": 20,
          "ammo_reserve": 120,
          "state": "active"
        }
      },
      "position": "-740.81, 1277.19, -215.97",
      "forward": "0.24, -0.97, -0.03"
    },
    "477": {
      "name": "Conleth",
      "observer_slot": 4,
      "team": "CT",
      "state": {
        "health": 100,
        "armor": 100,
        "helmet": true,
        "defusekit": true,
        "flashed": 0,
        "smoked": 0,
        "burning": 0,
        "money": 1000,
        "round_kills": 0,
        "round_killhs": 0,
        "round_totaldmg": 0,
        "equip_value": 1600
      },
      "match_stats": {
        "kills": 0,
        "assists": 0,
        "deaths": 0,
        "mvps": 0,
        "score": 0
      },
      "weapons": {
        "weapon_0": {
          "name": "weapon_knife",
          "paintkit": "default",
          "type": "Knife",
          "state": "holstered"
        },
        "weapon_1": {
          "name": "weapon_hkp2000",
          "paintkit": "default",
          "type": "Pistol",
          "ammo_clip": 13,
          "ammo_clip_max": 13,
          "ammo_reserve": 52,
          "state": "active"
        }
      },
      "position": "1626.66, -377.30, -215.70",
      "forward": "-0.68, 0.74, -0.03"
    }
  },
  "phase_countdowns": {
    "phase": "live",
    "phase_ends_in": "129.4"
  },
  "grenades": {},
  "bomb": {
    "state": "carried",
    "position": "-773.59, 1303.66, -215.97",
    "player": "452"
  },
  "previously": {
    "player": {
      "position": "-808.98, 1323.23, -215.97",
      "forward": "0.21, -0.98, -0.03"
    },
    "allplayers": {
      "432": {
        "position": "-893.12, 1248.95, -213.97",
        "forward": "-0.14, -0.99, -0.03"
      },
      "437": {
        "position": "1621.18, -480.17, -254.97",
        "forward": "-0.45, 0.89, -0.03"
      },
      "442": {
        "position": "1615.83, -337.00, -211.97",
        "forward": "-0.21, 0.98, -0.03"
      },
      "447": {
        "position": "-808.98, 1323.23, -215.97",
        "forward": "0.21, -0.98, -0.03"
      },
      "452": {
        "position": "-842.35, 1317.67, -215.97",
        "forward": "0.55, -0.84, -0.03"
      },
      "457": {
        "position": "1620.16, -260.63, -211.97",
        "forward": "-0.27, 0.96, -0.03"
      },
      "462": {
        "position": "948.95, -816.30, -297.81",
        "forward": "-1.00, 0.00, -0.00"
      },
      "467": {
        "position": "-754.98, 1290.32, -215.97",
        "forward": "0.14, -0.99, -0.03"
      },
      "472": {
        "position": "-805.62, 1305.88, -215.97",
        "forward": "0.50, -0.86, -0.03"
      },
      "477": {
        "position": "1629.02, -447.22, -251.13",
        "forward": "-0.51, 0.86, -0.03"
      }
    },
    "phase_countdowns": {
      "phase_ends_in": "129.7"
    },
    "bomb": {
      "position": "-842.35, 1317.67, -215.97"
    }
  }
}