{
  "provider": {
    "name": "Counter-Strike: Global Offensive",
    "appid": 730,
    "version": 14126,
    "steamid": "76561198056528922",
    "timestamp": 1764539044
  },
  "map": {
    "mode": "casual",
    "name": "de_train",
    "phase": "live",
    "round": 0,
    "team_ct": {
      "score": 0,
      "consecutive_round_losses": 0,
      "timeouts_remaining": 1,
      "matches_won_this_series": 0
    },
    "team_t": {
      "score": 0,
      "consecutive_round_losses": 0,
      "timeouts_remaining": 1,
      "matches_won_this_series": 0
    },
    "num_matches_to_win_series": 0
  },
  "round": {
    "phase": "live"
  },
  "player": {
    "steamid": "452",
    "name": "Ferris",
    "observer_slot": 7,
    "team": "T",
    "activity": "playing",
    "match_stats": {
      "kills": 2,
      "assists": 0,
      "deaths": 0,
      "mvps": 0,
      "score": 4
    },
    "state": {
      "health": 81,
      "armor": 91,
      "helmet": true,
      "flashed": 0,
      "smoked": 0,
      "burning": 0,
      "money": 1300,
      "round_kills": 2,
      "round_killhs": 0,
      "round_totaldmg": 128,
      "equip_value": 1200
    },
    "weapons": {
      "weapon_0": {
        "name": "weapon_knife_t",
        "paintkit": "default",
        "type": "Knife",
        "state": "holstered"
      },
      "weapon_1": {
        "name": "weapon_glock",
        "paintkit": "default",
        "type": "Pistol",
        "ammo_clip": 20,
        "ammo_clip_max": 20,
        "ammo_reserve": 101,
        "state": "reloading"
      },
      "weapon_2": {
        "name": "weapon_c4",
        "paintkit": "default",
        "type": "C4",
        "state": "holstered"
      }
    },
    "spectarget": "452",
    "position": "-788.45, 520.21, -215.97",
    "forward": "0.28, 0.96, -0.03"
  },
  "allplayers": {
    "432": {
      "name": "Adônis",
      "observer_slot": 5,
      "team": "T",
      "state": {
        "health": 100,
        "armor": 100,
        "helmet": true,
        "flashed": 0,
        "smoked": 0,
        "burning": 0,
        "money": 1000,
        "round_kills": 0,
        "round_killhs": 0,
        "round_totaldmg": 0,
        "equip_value": 1200
      },
      "match_stats": {
        "kills": 0,
        "assists": 0,
        "deaths": 0,
        "mvps": 0,
        "score": 0
      },
      "weapons": {
        "weapon_0": {
          "name": "weapon_knife_t",
          "paintkit": "default",
          "type": "Knife",
          "state": "holstered"
        },
        "weapon_1": {
          "name": "weapon_glock",
          "paintkit": "default",
          "type": "Pistol",
          "ammo_clip": 20,
          "ammo_clip_max": 20,
          "ammo_reserve": 120,
          "state": "active"
        }
      },
      "position": "944.06, -804.00, -318.97",
      "forward": "-0.91, 0.42, -0.03"
    },
    "437": {
      "name": "Ulysses",
      "observer_slot": 0,
      "team": "CT",
      "state": {
        "health": 100,
        "armor": 100,
        "helmet": true,
        "defusekit": true,
        "flashed": 0,
        "smoked": 0,
        "burning": 0,
        "money": 1000,
        "round_kills": 0,
        "round_killhs": 0,
        "round_totaldmg": 40,
        "equip_value": 1600
      },
      "match_stats": {
        "kills": 0,
        "assists": 1,
        "deaths": 0,
        "mvps": 0,
        "score": 1
      },
      "weapons": {
        "weapon_0": {
          "name": "weapon_knife",
          "paintkit": "default",
          "type": "Knife",
          "state": "holstered"
        },
        "weapon_1": {
          "name": "weapon_hkp2000",
          "paintkit": "default",
          "type": "Pistol",
          "ammo_clip": 13,
          "ammo_clip_max": 13,
          "ammo_reserve": 46,
          "state": "active"
        }
      },
      "position": "14.57, -233.34, -215.97",
      "forward": "0.10, 0.99, -0.11"
    },
    "442": {
      "name": "Wesley",
      "observer_slot": 1,
      "team": "CT",
      "state": {
        "health": 0,
        "armor": 0,
        "helmet": false,
        "flashed": 0,
        "smoked": 0,
        "burning": 0,
        "money": 1000,
        "round_kills": 0,
        "round_killhs": 0,
        "round_totaldmg": 135,
        "equip_value": 1600
      },
      "match_stats": {
        "kills": 0,
        "assists": 0,
        "deaths": 1,
        "mvps": 0,
        "score": 0
      },
      "weapons": {},
      "position": "788.04, 122.24, -211.97",
      "forward": "-0.91, 0.42, -0.02"
    },
    "447": {
      "name": "Opie",
      "observer_slot": 6,
      "team": "T",
      "state": {
        "health": 6,
        "armor": 66,
        "helmet": true,
        "flashed": 0,
        "smoked": 0,
        "burning": 0,
        "money": 1150,
        "round_kills": 1,
        "round_killhs": 0,
        "round_totaldmg": 63,
        "equip_value": 1200
      },
      "match_stats": {
        "kills": 1,
        "assists": 0,
        "deaths": 0,
        "mvps": 0,
        "score": 2
      },
      "weapons": {
        "weapon_0": {
          "name": "weapon_knife_t",
          "paintkit": "default",
          "type": "Knife",
          "state": "holstered"
        },
        "weapon_1": {
          "name": "weapon_glock",
          "paintkit": "default",
          "type": "Pistol",
          "ammo_clip": 6,
          "ammo_clip_max": 20,
          "ammo_reserve": 120,
          "state": "active"
        }
      },
      "position": "142.73, 462.62, -215.97",
      "forward": "0.82, -0.53, -0.22"
    },
    "452": {
      "name": "Ferris",
      "observer_slot": 7,
      "team": "T",
      "state": {
        "health": 81,
        "armor": 91,
        "helmet": true,
        "flashed": 0,
        "smoked": 0,
        "burning": 0,
        "money": 1300,
        "round_kills": 2,
        "round_killhs": 0,
        "round_totaldmg": 128,
        "equip_value": 1200
      },
      "match_stats": {
        "kills": 2,
        "assists": 0,
        "deaths": 0,
        "mvps": 0,
        "score": 4
      },
      "weapons": {
        "weapon_0": {
          "name": "weapon_knife_t",
          "paintkit": "default",
          "type": "Knife",
          "state": "holstered"
        },
        "weapon_1": {
          "name": "weapon_glock",
          "paintkit": "default",
          "type": "Pistol",
          "ammo_clip": 20,
          "ammo_clip_max": 20,
          "ammo_reserve": 101,
          "state": "reloading"
        },
        "weapon_2": {
          "name": "weapon_c4",
          "paintkit": "default",
          "type": "C4",
          "state": "holstered"
        }
      },
      "position": "-788.45, 520.21, -215.97",
      "forward": "0.28, 0.96, -0.03"
    },
    "457": {
      "name": "Telsen",
      "observer_slot": 2,
      "team": "CT",
      "state": {
        "health": 100,
        "armor": 100,
        "helmet": true,
        "defusekit": true,
        "flashed": 0,
        "smoked": 0,
        "burning": 0,
        "money": 1000,
        "round_kills": 0,
        "round_killhs": 0,
        "round_totaldmg": 0,
        "equip_value": 1600
      },
      "match_stats": {
        "kills": 0,
        "assists": 0,
        "deaths": 0,
        "mvps": 0,
        "score": 0
      },
      "weapons": {
        "weapon_0": {
          "name": "weapon_knife",
          "paintkit": "default",
          "type": "Knife",
          "state": "holstered"
        },
        "weapon_1": {
          "name": "weapon_hkp2000",
          "paintkit": "default",
          "type": "Pistol",
          "ammo_clip": 13,
          "ammo_clip_max": 13,
          "ammo_reserve": 52,
          "state": "active"
        }
      },
      "position": "694.22, 114.77, -215.97",
      "forward": "-0.91, 0.32, -0.26"
    },
    "461": {
      "name": "Hastings",
      "observer_slot": 3,
      "team": "CT",
      "state": {
        "health": 0,
        "armor": 0,
        "helmet": false,
        "flashed": 0,
        "smoked": 0,
        "burning": 0,
        "money": 1000,
        "round_kills": 0,
        "round_killhs": 0,
        "round_totaldmg": 17,
        "equip_value": 0
      },
      "match_stats": {
        "kills": 0,
        "assists": 0,
        "deaths": 1,
        "mvps": 0,
        "score": 0
      },
      "weapons": {},
      "position": "-81.91, 1538.50, -223.51",
      "forward": "1.00, 0.00, -0.00"
    },
    "466": {
      "name": "Niles",
      "observer_slot": 8,
      "team": "T",
      "state": {
        "health": 0,
        "armor": 0,
        "helmet": false,
        "flashed": 0,
        "smoked": 0,
        "burning": 0,
        "money": 1000,
        "round_kills": 0,
        "round_killhs": 0,
        "round_totaldmg": 37,
        "equip_value": 0
      },
      "match_stats": {
        "kills": 0,
        "assists": 1,
        "deaths": 1,
        "mvps": 0,
        "score": 1
      },
      "weapons": {},
      "position": "-81.91, 1538.50, -223.51",
      "forward": "1.00, 0.00, -0.00"
    },
    "472": {
      "name": "York",
      "observer_slot": 9,
      "team": "T",
      "state": {
        "health": 56,
        "armor": 100,
        "helmet": true,
        "flashed": 0,
        "smoked": 0,
        "burning": 0,
        "money": 1000,
        "round_kills": 0,
        "round_killhs": 0,
        "round_totaldmg": 72,
        "equip_value": 1200
      },
      "match_stats": {
        "kills": 0,
        "assists": 1,
        "deaths": 0,
        "mvps": 0,
        "score": 1
      },
      "weapons": {
        "weapon_0": {
          "name": "weapon_knife_t",
          "paintkit": "default",
          "type": "Knife",
          "state": "holstered"
        },
        "weapon_1": {
          "name": "weapon_glock",
          "paintkit": "default",
          "type": "Pistol",
          "ammo_clip": 20,
          "ammo_clip_max": 20,
          "ammo_reserve": 109,
          "state": "active"
        }
      },
      "position": "-882.31, 561.82, -215.97",
      "forward": "0.96, -0.27, -0.05"
    },
    "476": {
      "name": "Conleth",
      "observer_slot": 4,
      "team": "CT",
      "state": {
        "health": 0,
        "armor": 0,
        "helmet": false,
        "flashed": 0,
        "smoked": 0,
        "burning": 0,
        "money": 1150,
        "round_kills": 1,
        "round_killhs": 0,
        "round_totaldmg": 65,
        "equip_value": 0
      },
      "match_stats": {
        "kills": 1,
        "assists": 0,
        "deaths": 1,
        "mvps": 0,
        "score": 2
      },
      "weapons": {},
      "position": "-79.41, 1537.68, -205.70",
      "forward": "1.00, 0.00, -0.00"
    }
  },
  "phase_countdowns": {
    "phase": "live",
    "phase_ends_in": "102.3"
  },
  "grenades": {},
  "bomb": {
    "state": "carried",
    "position": "-788.45, 520.21, -215.97",
    "player": "452"
  },
  "previously": {
    "player": {
      "forward": "0.40, 0.92, -0.03"
    },
    "allplayers": {
      "432": {
        "position": "944.06, -815.03, -318.97",
        "forward": "-0.92, 0.40, -0.03"
      },
      "437": {
        "position": "41.93, -219.20, -215.97",
        "forward": "-0.23, 0.97, -0.11"
      },
      "447": {
        "position": "142.03, 462.64, -215.97",
        "forward": "0.87, -0.45, -0.22"
      },
      "452": {
        "forward": "0.40, 0.92, -0.03"
      },
      "457": {
        "position": "748.64, 119.06, -211.97",
        "forward": "-0.93, 0.30, -0.22"
      },
      "472": {
        "position": "-891.05, 571.86, -215.97",
        "forward": "0.96, -0.26, -0.05"
      }
    },
    "phase_countdowns": {
      "phase_ends_in": "102.6"
    }
  }
}