{
  "provider": {
    "name": "Counter-Strike: Global Offensive",
    "appid": 730,
    "version": 14126,
    "steamid": "76561198056528922",
    "timestamp": 1764539112
  },
  "map": {
    "mode": "casual",
    "name": "de_train",
    "phase": "live",
    "round": 1,
    "team_ct": {
      "score": 1,
      "consecutive_round_losses": 0,
      "timeouts_remaining": 1,
      "matches_won_this_series": 0
    },
    "team_t": {
      "score": 0,
      "consecutive_round_losses": 1,
      "timeouts_remaining": 1,
      "matches_won_this_series": 0
    },
    "num_matches_to_win_series": 0,
    "round_wins": {
      "1": "ct_win_defuse"
    }
  },
  "round": {
    "phase": "freezetime"
  },
  "player": {
    "steamid": "452",
    "name": "Ferris",
    "observer_slot": 7,
    "team": "T",
    "activity": "playing",
    "match_stats": {
      "kills": 2,
      "assists": 0,
      "deaths": 0,
      "mvps": 0,
      "score": 7
    },
    "state": {
      "health": 100,
      "armor": 100,
      "helmet": true,
      "flashed": 0,
      "smoked": 0,
      "burning": 0,
      "money": 4100,
      "round_kills": 0,
      "round_killhs": 0,
      "round_totaldmg": 0,
      "equip_value": 1200
    },
    "weapons": {
      "weapon_0": {
        "name": "weapon_knife_t",
        "paintkit": "default",
        "type": "Knife",
        "state": "holstered"
      },
      "weapon_1": {
        "name": "weapon_glock",
        "paintkit": "default",
        "type": "Pistol",
        "ammo_clip": 20,
        "ammo_clip_max": 20,
        "ammo_reserve": 120,
        "state": "active"
      }
    },
    "spectarget": "452",
    "position": "-1850.00, 1256.00, -171.97",
    "forward": "0.99, 0.13, -0.02"
  },
  "allplayers": {
    "432": {
      "name": "Adônis",
      "observer_slot": 5,
      "team": "T",
      "state": {
        "health": 100,
        "armor": 100,
        "helmet": true,
        "flashed": 0,
        "smoked": 0,
        "burning": 0,
        "money": 3600,
        "round_kills": 0,
        "round_killhs": 0,
        "round_totaldmg": 0,
        "equip_value": 1200
      },
      "match_stats": {
        "kills": 0,
        "assists": 0,
        "deaths": 0,
        "mvps": 0,
        "score": 0
      },
      "weapons": {
        "weapon_0": {
          "name": "weapon_knife_t",
          "paintkit": "default",
          "type": "Knife",
          "state": "holstered"
        },
        "weapon_1": {
          "name": "weapon_glock",
          "paintkit": "default",
          "type": "Pistol",
          "ammo_clip": 20,
          "ammo_clip_max": 20,
          "ammo_reserve": 120,
          "state": "active"
        }
      },
      "position": "-2000.00, 1434.23, -171.97",
      "forward": "0.89, -0.46, -0.02"
    },
    "437": {
      "name": "Ulysses",
      "observer_slot": 0,
      "team": "CT",
      "state": {
        "health": 100,
        "armor": 100,
        "helmet": true,
        "defusekit": true,
        "flashed": 0,
        "smoked": 0,
        "burning": 0,
        "money": 3700,
        "round_kills": 0,
        "round_killhs": 0,
        "round_totaldmg": 0,
        "equip_value": 1600
      },
      "match_stats": {
        "kills": 0,
        "assists": 1,
        "deaths": 1,
        "mvps": 0,
        "score": 2
      },
      "weapons": {
        "weapon_0": {
          "name": "weapon_knife",
          "paintkit": "default",
          "type": "Knife",
          "state": "holstered"
        },
        "weapon_1": {
          "name": "weapon_hkp2000",
          "paintkit": "default",
          "type": "Pistol",
          "ammo_clip": 13,
          "ammo_clip_max": 13,
          "ammo_reserve": 52,
          "state": "active"
        }
      },
      "position": "1552.00, -1232.00, -327.76",
      "forward": "-0.39, 0.92, -0.02"
    },
    "442": {
      "name": "Wesley",
      "observer_slot": 1,
      "team": "CT",
      "state": {
        "health": 100,
        "armor": 100,
        "helmet": true,
        "defusekit": true,
        "flashed": 0,
        "smoked": 0,
        "burning": 0,
        "money": 3700,
        "round_kills": 0,
        "round_killhs": 0,
        "round_totaldmg": 0,
        "equip_value": 1600
      },
      "match_stats": {
        "kills": 0,
        "assists": 1,
        "deaths": 1,
        "mvps": 0,
        "score": 2
      },
      "weapons": {
        "weapon_0": {
          "name": "weapon_knife",
          "paintkit": "default",
          "type": "Knife",
          "state": "holstered"
        },
        "weapon_1": {
          "name": "weapon_hkp2000",
          "paintkit": "default",
          "type": "Pistol",
          "ammo_clip": 13,
          "ammo_clip_max": 13,
          "ammo_reserve": 52,
          "state": "active"
        }
      },
      "position": "1542.00, -1336.00, -327.92",
      "forward": "-0.62, 0.79, -0.02"
    },
    "447": {
      "name": "Opie",
      "observer_slot": 6,
      "team": "T",
      "state": {
        "health": 100,
        "armor": 100,
        "helmet": true,
        "flashed": 0,
        "smoked": 0,
        "burning": 0,
        "money": 3750,
        "round_kills": 0,
        "round_killhs": 0,
        "round_totaldmg": 0,
        "equip_value": 1200
      },
      "match_stats": {
        "kills": 1,
        "assists": 0,
        "deaths": 1,
        "mvps": 0,
        "score": 3
      },
      "weapons": {
        "weapon_0": {
          "name": "weapon_knife_t",
          "paintkit": "default",
          "type": "Knife",
          "state": "holstered"
        },
        "weapon_1": {
          "name": "weapon_glock",
          "paintkit": "default",
          "type": "Pistol",
          "ammo_clip": 20,
          "ammo_clip_max": 20,
          "ammo_reserve": 120,
          "state": "active"
        }
      },
      "position": "-1955.00, 1326.00, -171.97",
      "forward": "1.00, 0.08, -0.02"
    },
    "452": {
      "name": "Ferris",
      "observer_slot": 7,
      "team": "T",
      "state": {
        "health": 100,
        "armor": 100,
        "helmet": true,
        "flashed": 0,
        "smoked": 0,
        "burning": 0,
        "money": 4100,
        "round_kills": 0,
        "round_killhs": 0,
        "round_totaldmg": 0,
        "equip_value": 1200
      },
      "match_stats": {
        "kills": 2,
        "assists": 0,
        "deaths": 0,
        "mvps": 0,
        "score": 7
      },
      "weapons": {
        "weapon_0": {
          "name": "weapon_knife_t",
          "paintkit": "default",
          "type": "Knife",
          "state": "holstered"
        },
        "weapon_1": {
          "name": "weapon_glock",
          "paintkit": "default",
          "type": "Pistol",
          "ammo_clip": 20,
          "ammo_clip_max": 20,
          "ammo_reserve": 120,
          "state": "active"
        }
      },
      "position": "-1850.00, 1256.00, -171.97",
      "forward": "0.99, 0.13, -0.02"
    },
    "457": {
      "name": "Telsen",
      "observer_slot": 2,
      "team": "CT",
      "state": {
        "health": 100,
        "armor": 100,
        "helmet": true,
        "defusekit": true,
        "flashed": 0,
        "smoked": 0,
        "burning": 0,
        "money": 4050,
        "round_kills": 0,
        "round_killhs": 0,
        "round_totaldmg": 0,
        "equip_value": 1600
      },
      "match_stats": {
        "kills": 1,
        "assists": 0,
        "deaths": 0,
        "mvps": 1,
        "score": 7
      },
      "weapons": {
        "weapon_0": {
          "name": "weapon_knife",
          "paintkit": "default",
          "type": "Knife",
          "state": "holstered"
        },
        "weapon_1": {
          "name": "weapon_hkp2000",
          "paintkit": "default",
          "type": "Pistol",
          "ammo_clip": 13,
          "ammo_clip_max": 13,
          "ammo_reserve": 52,
          "state": "active"
        }
      },
      "position": "1462.00, -1226.00, -327.95",
      "forward": "-0.14, 0.99, -0.02"
    },
    "462": {
      "name": "Hastings",
      "observer_slot": 3,
      "team": "CT",
      "state": {
        "health": 100,
        "armor": 100,
        "helmet": true,
        "defusekit": true,
        "flashed": 0,
        "smoked": 0,
        "burning": 0,
        "money": 3700,
        "round_kills": 0,
        "round_killhs": 0,
        "round_totaldmg": 0,
        "equip_value": 1600
      },
      "match_stats": {
        "kills": 0,
        "assists": 0,
        "deaths": 1,
        "mvps": 0,
        "score": 1
      },
      "weapons": {
        "weapon_0": {
          "name": "weapon_knife",
          "paintkit": "default",
          "type": "Knife",
          "state": "holstered"
        },
        "weapon_1": {
          "name": "weapon_hkp2000",
          "paintkit": "default",
          "type": "Pistol",
          "ammo_clip": 13,
          "ammo_clip_max": 13,
          "ammo_reserve": 52,
          "state": "active"
        }
      },
      "position": "1342.00, -1431.00, -327.25",
      "forward": "-0.42, 0.91, -0.02"
    },
    "467": {
      "name": "Niles",
      "observer_slot": 8,
      "team": "T",
      "state": {
        "health": 100,
        "armor": 100,
        "helmet": true,
        "flashed": 0,
        "smoked": 0,
        "burning": 0,
        "money": 3600,
        "round_kills": 0,
        "round_killhs": 0,
        "round_totaldmg": 0,
        "equip_value": 1200
      },
      "match_stats": {
        "kills": 0,
        "assists": 1,
        "deaths": 1,
        "mvps": 0,
        "score": 2
      },
      "weapons": {
        "weapon_0": {
          "name": "weapon_knife_t",
          "paintkit": "default",
          "type": "Knife",
          "state": "holstered"
        },
        "weapon_1": {
          "name": "weapon_glock",
          "paintkit": "default",
          "type": "Pistol",
          "ammo_clip": 20,
          "ammo_clip_max": 20,
          "ammo_reserve": 120,
          "state": "active"
        }
      },
      "position": "-2033.00, 1362.23, -171.97",
      "forward": "1.00, -0.07, -0.02"
    },
    "472": {
      "name": "York",
      "observer_slot": 9,
      "team": "T",
      "state": {
        "health": 100,
        "armor": 100,
        "helmet": true,
        "flashed": 0,
        "smoked": 0,
        "burning": 0,
        "money": 3750,
        "round_kills": 0,
        "round_killhs": 0,
        "round_totaldmg": 0,
        "equip_value": 1200
      },
      "match_stats": {
        "kills": 1,
        "assists": 1,
        "deaths": 0,
        "mvps": 0,
        "score": 4
      },
      "weapons": {
        "weapon_0": {
          "name": "weapon_knife_t",
          "paintkit": "default",
          "type": "Knife",
          "state": "holstered"
        },
        "weapon_1": {
          "name": "weapon_glock",
          "paintkit": "default",
          "type": "Pistol",
          "ammo_clip": 20,
          "ammo_clip_max": 20,
          "ammo_reserve": 120,
          "state": "holstered"
        },
        "weapon_2": {
          "name": "weapon_c4",
          "paintkit": "default",
          "type": "C4",
          "state": "active"
        }
      },
      "position": "-1925.00, 1394.00, -171.97",
      "forward": "0.74, 0.67, -0.02"
    },
    "477": {
      "name": "Conleth",
      "observer_slot": 4,
      "team": "CT",
      "state": {
        "health": 100,
        "armor": 100,
        "helmet": true,
        "defusekit": true,
        "flashed": 0,
        "smoked": 0,
        "burning": 0,
        "money": 3850,
        "round_kills": 0,
        "round_killhs": 0,
        "round_totaldmg": 0,
        "equip_value": 1600
      },
      "match_stats": {
        "kills": 1,
        "assists": 0,
        "deaths": 1,
        "mvps": 0,
        "score": 3
      },
      "weapons": {
        "weapon_0": {
          "name": "weapon_knife",
          "paintkit": "default",
          "type": "Knife",
          "state": "holstered"
        },
        "weapon_1": {
          "name": "weapon_hkp2000",
          "paintkit": "default",
          "type": "Pistol",
          "ammo_clip": 13,
          "ammo_clip_max": 13,
          "ammo_reserve": 52,
          "state": "active"
        }
      },
      "position": "1378.00, -1244.00, -327.73",
      "forward": "-0.39, 0.92, -0.02"
    }
  },
  "phase_countdowns": {
    "phase": "freezetime",
    "phase_ends_in": "4.8"
  },
  "grenades": {},
  "bomb": {
    "state": "carried",
    "position": "-1925.00, 1394.00, -171.97",
    "player": "472"
  },
  "previously": {
    "round": {
      "phase": "over",
      "win_team": "CT",
      "bomb": "defused"
    },
    "player": {
      "state": {
        "health": 81,
        "armor": 91,
        "round_kills": 2,
        "round_totaldmg": 128
      },
      "weapons": {
        "weapon_1": {
          "ammo_reserve": 82,
          "state": "reloading"
        }
      },
      "position": "309.80, -485.89, -216.87",
      "forward": "0.81, -0.59, -0.03"
    },
    "allplayers": {
      "432": {
        "position": "-839.37, -1793.00, -152.97",
        "forward": "-0.72, 0.69, -0.06"
      },
      "436": {
        "name": "Ulysses",
        "observer_slot": 0,
        "team": "CT",
        "state": {
          "health": 0,
          "armor": 0,
          "helmet": false,
          "flashed": 0,
          "smoked": 0,
          "burning": 0,
          "money": 3700,
          "round_kills": 0,
          "round_killhs": 0,
          "round_totaldmg": 40,
          "equip_value": 0
        },
        "match_stats": {
          "kills": 0,
          "assists": 1,
          "deaths": 1,
          "mvps": 0,
          "score": 2
        },
        "weapons": {},
        "position": "-81.91, 1538.50, -223.51",
        "forward": "1.00, 0.00, -0.00"
      },
      "441": {
        "name": "Wesley",
        "observer_slot": 1,
        "team": "CT",
        "state": {
          "health": 0,
          "armor": 0,
          "helmet": false,
          "flashed": 0,
          "smoked": 0,
          "burning": 0,
          "money": 3700,
          "round_kills": 0,
          "round_killhs": 0,
          "round_totaldmg": 135,
          "equip_value": 0
        },
        "match_stats": {
          "kills": 0,
          "assists": 1,
          "deaths": 1,
          "mvps": 0,
          "score": 2
        },
        "weapons": {},
        "position": "-81.63, 1538.41, -221.53",
        "forward": "1.00, 0.00, -0.00"
      },
      "446": {
        "name": "Opie",
        "observer_slot": 6,
        "team": "T",
        "state": {
          "health": 0,
          "armor": 0,
          "helmet": false,
          "flashed": 0,
          "smoked": 0,
          "burning": 0,
          "money": 3750,
          "round_kills": 1,
          "round_killhs": 0,
          "round_totaldmg": 111,
          "equip_value": 0
        },
        "match_stats": {
          "kills": 1,
          "assists": 0,
          "deaths": 1,
          "mvps": 0,
          "score": 3
        },
        "weapons": {},
        "position": "-81.91, 1538.50, -223.51",
        "forward": "1.00, 0.00, -0.00"
      },
      "452": {
        "state": {
          "health": 81,
          "armor": 91,
          "round_kills": 2,
          "round_totaldmg": 128
        },
        "weapons": {
          "weapon_1": {
            "ammo_reserve": 82,
            "state": "reloading"
          }
        },
        "position": "309.80, -485.89, -216.87",
        "forward": "0.81, -0.59, -0.03"
      },
      "457": {
        "state": {
          "health": 52,
          "armor": 84,
          "round_kills": 1,
          "round_totaldmg": 6
        },
        "weapons": {
          "weapon_1": {
            "ammo_reserve": 39
          }
        },
        "position": "903.84, 107.04, -211.97",
        "forward": "-0.91, -0.18, 0.37"
      },
      "461": {
        "name": "Hastings",
        "observer_slot": 3,
        "team": "CT",
        "state": {
          "health": 0,
          "armor": 0,
          "helmet": false,
          "flashed": 0,
          "smoked": 0,
          "burning": 0,
          "money": 3700,
          "round_kills": 0,
          "round_killhs": 0,
          "round_totaldmg": 17,
          "equip_value": 0
        },
        "match_stats": {
          "kills": 0,
          "assists": 0,
          "deaths": 1,
          "mvps": 0,
          "score": 1
        },
        "weapons": {},
        "position": "-81.91, 1538.50, -223.51",
        "forward": "1.00, 0.00, -0.00"
      },
      "466": {
        "name": "Niles",
        "observer_slot": 8,
        "team": "T",
        "state": {
          "health": 0,
          "armor": 0,
          "helmet": false,
          "flashed": 0,
          "smoked": 0,
          "burning": 0,
          "money": 3600,
          "round_kills": 0,
          "round_killhs": 0,
          "round_totaldmg": 37,
          "equip_value": 0
        },
        "match_stats": {
          "kills": 0,
          "assists": 1,
          "deaths": 1,
          "mvps": 0,
          "score": 2
        },
        "weapons": {},
        "position": "-81.91, 1538.50, -223.51",
        "forward": "1.00, 0.00, -0.00"
      },
      "472": {
        "state": {
          "health": 56,
          "round_kills": 1,
          "round_totaldmg": 172
        },
        "weapons": {
          "weapon_1": {
            "ammo_reserve": 98,
            "state": "active"
          }
        },
        "position": "-152.30, -85.22, -215.97",
        "forward": "1.00, 0.07, -0.06"
      },
      "476": {
        "name": "Conleth",
        "observer_slot": 4,
        "team": "CT",
        "state": {
          "health": 0,
          "armor": 0,
          "helmet": false,
          "flashed": 0,
          "smoked": 0,
          "burning": 0,
          "money": 3850,
          "round_kills": 1,
          "round_killhs": 0,
          "round_totaldmg": 65,
          "equip_value": 0
        },
        "match_stats": {
          "kills": 1,
          "assists": 0,
          "deaths": 1,
          "mvps": 0,
          "score": 3
        },
        "weapons": {},
        "position": "-79.41, 1537.68, -205.70",
        "forward": "1.00, 0.00, -0.00"
      }
    },
    "phase_countdowns": {
      "phase": "over",
      "phase_ends_in": "0.0"
    },
    "bomb": {
      "state": "defused",
      "position": "137.66, -21.94, -215.97"
    }
  },
  "added": {
    "allplayers": {
      "437": true,
      "442": true,
      "447": true,
      "462": true,
      "467": true,
      "472": {
        "weapons": {
          "weapon_2": true
        }
      },
      "477": true
    },
    "bomb": {
      "player": true
    }
  }
}