{
  "provider": {
    "name": "Counter-Strike: Global Offensive",
    "appid": 730,
    "version": 14126,
    "steamid": "76561198056528922",
    "timestamp": 1764539100
  },
  "map": {
    "mode": "casual",
    "name": "de_train",
    "phase": "live",
    "round": 1,
    "team_ct": {
      "score": 1,
      "consecutive_round_losses": 0,
      "timeouts_remaining": 1,
      "matches_won_this_series": 0
    },
    "team_t": {
      "score": 0,
      "consecutive_round_losses": 1,
      "timeouts_remaining": 1,
      "matches_won_this_series": 0
    },
    "num_matches_to_win_series": 0,
    "round_wins": {
      "1": "ct_win_defuse"
    }
  },
  "round": {
    "phase": "over",
    "win_team": "CT",
    "bomb": "defused"
  },
  "player": {
    "steamid": "452",
    "name": "Ferris",
    "observer_slot": 7,
    "team": "T",
    "activity": "playing",
    "match_stats": {
      "kills": 2,
      "assists": 0,
      "deaths": 0,
      "mvps": 0,
      "score": 7
    },
    "state": {
      "health": 81,
      "armor": 91,
      "helmet": true,
      "flashed": 0,
      "smoked": 0,
      "burning": 0,
      "money": 4100,
      "round_kills": 2,
      "round_killhs": 0,
      "round_totaldmg": 128,
      "equip_value": 1200
    },
    "weapons": {
      "weapon_0": {
        "name": "weapon_knife_t",
        "paintkit": "default",
        "type": "Knife",
        "state": "holstered"
      },
      "weapon_1": {
        "name": "weapon_glock",
        "paintkit": "default",
        "type": "Pistol",
        "ammo_clip": 11,
        "ammo_clip_max": 20,
        "ammo_reserve": 101,
        "state": "active"
      }
    },
    "spectarget": "452",
    "position": "116.89, -84.91, -215.97",
    "forward": "0.70, 0.68, -0.24"
  },
  "allplayers": {
    "432": {
      "name": "Adônis",
      "observer_slot": 5,
      "team": "T",
      "state": {
        "health": 100,
        "armor": 100,
        "helmet": true,
        "flashed": 0,
        "smoked": 0,
        "burning": 0,
        "money": 3600,
        "round_kills": 0,
        "round_killhs": 0,
        "round_totaldmg": 0,
        "equip_value": 1200
      },
      "match_stats": {
        "kills": 0,
        "assists": 0,
        "deaths": 0,
        "mvps": 0,
        "score": 0
      },
      "weapons": {
        "weapon_0": {
          "name": "weapon_knife_t",
          "paintkit": "default",
          "type": "Knife",
          "state": "holstered"
        },
        "weapon_1": {
          "name": "weapon_glock",
          "paintkit": "default",
          "type": "Pistol",
          "ammo_clip": 20,
          "ammo_clip_max": 20,
          "ammo_reserve": 120,
          "state": "active"
        }
      },
      "position": "-839.37, -1793.00, -152.97",
      "forward": "-0.60, 0.80, -0.06"
    },
    "436": {
      "name": "Ulysses",
      "observer_slot": 0,
      "team": "CT",
      "state": {
        "health": 0,
        "armor": 0,
        "helmet": false,
        "flashed": 0,
        "smoked": 0,
        "burning": 0,
        "money": 3700,
        "round_kills": 0,
        "round_killhs": 0,
        "round_totaldmg": 40,
        "equip_value": 0
      },
      "match_stats": {
        "kills": 0,
        "assists": 1,
        "deaths": 1,
        "mvps": 0,
        "score": 2
      },
      "weapons": {},
      "position": "-81.91, 1538.50, -223.51",
      "forward": "1.00, 0.00, -0.00"
    },
    "441": {
      "name": "Wesley",
      "observer_slot": 1,
      "team": "CT",
      "state": {
        "health": 0,
        "armor": 0,
        "helmet": false,
        "flashed": 0,
        "smoked": 0,
        "burning": 0,
        "money": 3700,
        "round_kills": 0,
        "round_killhs": 0,
        "round_totaldmg": 135,
        "equip_value": 0
      },
      "match_stats": {
        "kills": 0,
        "assists": 1,
        "deaths": 1,
        "mvps": 0,
        "score": 2
      },
      "weapons": {},
      "position": "-81.63, 1538.41, -221.53",
      "forward": "1.00, 0.00, -0.00"
    },
    "446": {
      "name": "Opie",
      "observer_slot": 6,
      "team": "T",
      "state": {
        "health": 0,
        "armor": 0,
        "helmet": false,
        "flashed": 0,
        "smoked": 0,
        "burning": 0,
        "money": 3750,
        "round_kills": 1,
        "round_killhs": 0,
        "round_totaldmg": 111,
        "equip_value": 0
      },
      "match_stats": {
        "kills": 1,
        "assists": 0,
        "deaths": 1,
        "mvps": 0,
        "score": 3
      },
      "weapons": {},
      "position": "-81.91, 1538.50, -223.51",
      "forward": "1.00, 0.00, -0.00"
    },
    "452": {
      "name": "Ferris",
      "observer_slot": 7,
      "team": "T",
      "state": {
        "health": 81,
        "armor": 91,
        "helmet": true,
        "flashed": 0,
        "smoked": 0,
        "burning": 0,
        "money": 4100,
        "round_kills": 2,
        "round_killhs": 0,
        "round_totaldmg": 128,
        "equip_value": 1200
      },
      "match_stats": {
        "kills": 2,
        "assists": 0,
        "deaths": 0,
        "mvps": 0,
        "score": 7
      },
      "weapons": {
        "weapon_0": {
          "name": "weapon_knife_t",
          "paintkit": "default",
          "type": "Knife",
          "state": "holstered"
        },
        "weapon_1": {
          "name": "weapon_glock",
          "paintkit": "default",
          "type": "Pistol",
          "ammo_clip": 11,
          "ammo_clip_max": 20,
          "ammo_reserve": 101,
          "state": "active"
        }
      },
      "position": "116.89, -84.91, -215.97",
      "forward": "0.70, 0.68, -0.24"
    },
    "457": {
      "name": "Telsen",
      "observer_slot": 2,
      "team": "CT",
      "state": {
        "health": 52,
        "armor": 84,
        "helmet": true,
        "defusekit": true,
        "flashed": 0,
        "smoked": 0,
        "burning": 0,
        "money": 4050,
        "round_kills": 1,
        "round_killhs": 0,
        "round_totaldmg": 6,
        "equip_value": 1600
      },
      "match_stats": {
        "kills": 1,
        "assists": 0,
        "deaths": 0,
        "mvps": 1,
        "score": 7
      },
      "weapons": {
        "weapon_0": {
          "name": "weapon_knife",
          "paintkit": "default",
          "type": "Knife",
          "state": "holstered"
        },
        "weapon_1": {
          "name": "weapon_hkp2000",
          "paintkit": "default",
          "type": "Pistol",
          "ammo_clip": 8,
          "ammo_clip_max": 13,
          "ammo_reserve": 52,
          "state": "active"
        }
      },
      "position": "194.41, -14.35, -215.97",
      "forward": "-0.54, -0.76, -0.38"
    },
    "461": {
      "name": "Hastings",
      "observer_slot": 3,
      "team": "CT",
      "state": {
        "health": 0,
        "armor": 0,
        "helmet": false,
        "flashed": 0,
        "smoked": 0,
        "burning": 0,
        "money": 3700,
        "round_kills": 0,
        "round_killhs": 0,
        "round_totaldmg": 17,
        "equip_value": 0
      },
      "match_stats": {
        "kills": 0,
        "assists": 0,
        "deaths": 1,
        "mvps": 0,
        "score": 1
      },
      "weapons": {},
      "position": "-81.91, 1538.50, -223.51",
      "forward": "1.00, 0.00, -0.00"
    },
    "466": {
      "name": "Niles",
      "observer_slot": 8,
      "team": "T",
      "state": {
        "health": 0,
        "armor": 0,
        "helmet": false,
        "flashed": 0,
        "smoked": 0,
        "burning": 0,
        "money": 3600,
        "round_kills": 0,
        "round_killhs": 0,
        "round_totaldmg": 37,
        "equip_value": 0
      },
      "match_stats": {
        "kills": 0,
        "assists": 1,
        "deaths": 1,
        "mvps": 0,
        "score": 2
      },
      "weapons": {},
      "position": "-81.91, 1538.50, -223.51",
      "forward": "1.00, 0.00, -0.00"
    },
    "472": {
      "name": "York",
      "observer_slot": 9,
      "team": "T",
      "state": {
        "health": 56,
        "armor": 100,
        "helmet": true,
        "flashed": 0,
        "smoked": 0,
        "burning": 0,
        "money": 3750,
        "round_kills": 1,
        "round_killhs": 0,
        "round_totaldmg": 172,
        "equip_value": 1200
      },
      "match_stats": {
        "kills": 1,
        "assists": 1,
        "deaths": 0,
        "mvps": 0,
        "score": 4
      },
      "weapons": {
        "weapon_0": {
          "name": "weapon_knife_t",
          "paintkit": "default",
          "type": "Knife",
          "state": "holstered"
        },
        "weapon_1": {
          "name": "weapon_glock",
          "paintkit": "default",
          "type": "Pistol",
          "ammo_clip": 20,
          "ammo_clip_max": 20,
          "ammo_reserve": 98,
          "state": "active"
        }
      },
      "position": "-1089.21, -570.47, -88.61",
      "forward": "-0.58, 0.81, -0.01"
    },
    "476": {
      "name": "Conleth",
      "observer_slot": 4,
      "team": "CT",
      "state": {
        "health": 0,
        "armor": 0,
        "helmet": false,
        "flashed": 0,
        "smoked": 0,
        "burning": 0,
        "money": 3850,
        "round_kills": 1,
        "round_killhs": 0,
        "round_totaldmg": 65,
        "equip_value": 0
      },
      "match_stats": {
        "kills": 1,
        "assists": 0,
        "deaths": 1,
        "mvps": 0,
        "score": 3
      },
      "weapons": {},
      "position": "-79.41, 1537.68, -205.70",
      "forward": "1.00, 0.00, -0.00"
    }
  },
  "phase_countdowns": {
    "phase": "over",
    "phase_ends_in": "8.6"
  },
  "grenades": {},
  "bomb": {
    "state": "defused",
    "position": "137.66, -21.94, -215.97"
  },
  "previously": {
    "player": {
      "weapons": {
        "weapon_1": {
          "ammo_clip": 13
        }
      },
      "forward": "0.67, 0.70, -0.24"
    },
    "allplayers": {
      "452": {
        "weapons": {
          "weapon_1": {
            "ammo_clip": 13
          }
        },
        "forward": "0.67, 0.70, -0.24"
      },
      "457": {
        "weapons": {
          "weapon_1": {
            "ammo_clip": 9
          }
        },
        "forward": "-0.51, -0.85, -0.10"
      },
      "472": {
        "position": "-1029.85, -560.82, -87.81",
        "forward": "-0.81, 0.59, -0.01"
      }
    },
    "phase_countdowns": {
      "phase_ends_in": "8.8"
    }
  }
}