{
  "provider": {
    "name": "Counter-Strike: Global Offensive",
    "appid": 730,
    "version": 14126,
    "steamid": "76561198056528922",
    "timestamp": 1764539035
  },
  "map": {
    "mode": "casual",
    "name": "de_train",
    "phase": "live",
    "round": 0,
    "team_ct": {
      "score": 0,
      "consecutive_round_losses": 0,
      "timeouts_remaining": 1,
      "matches_won_this_series": 0
    },
    "team_t": {
      "score": 0,
      "consecutive_round_losses": 0,
      "timeouts_remaining": 1,
      "matches_won_this_series": 0
    },
    "num_matches_to_win_series": 0
  },
  "round": {
    "phase": "live"
  },
  "player": {
    "steamid": "472",
    "name": "York",
    "observer_slot": 9,
    "team": "T",
    "activity": "playing",
    "match_stats": {
      "kills": 0,
      "assists": 0,
      "deaths": 0,
      "mvps": 0,
      "score": 0
    },
    "state": {
      "health": 56,
      "armor": 100,
      "helmet": true,
      "flashed": 0,
      "smoked": 0,
      "burning": 0,
      "money": 1000,
      "round_kills": 0,
      "round_killhs": 0,
      "round_totaldmg": 72,
      "equip_value": 1200
    },
    "weapons": {
      "weapon_0": {
        "name": "weapon_knife_t",
        "paintkit": "default",
        "type": "Knife",
        "state": "holstered"
      },
      "weapon_1": {
        "name": "weapon_glock",
        "paintkit": "default",
        "type": "Pistol",
        "ammo_clip": 9,
        "ammo_clip_max": 20,
        "ammo_reserve": 120,
        "state": "active"
      }
    },
    "spectarget": "472",
    "position": "-572.72, 494.69, -215.97",
    "forward": "0.96, -0.28, -0.02"
  },
  "allplayers": {
    "432": {
      "name": "Adônis",
      "observer_slot": 5,
      "team": "T",
      "state": {
        "health": 100,
        "armor": 100,
        "helmet": true,
        "flashed": 0,
        "smoked": 0,
        "burning": 0,
        "money": 1000,
        "round_kills": 0,
        "round_killhs": 0,
        "round_totaldmg": 0,
        "equip_value": 1200
      },
      "match_stats": {
        "kills": 0,
        "assists": 0,
        "deaths": 0,
        "mvps": 0,
        "score": 0
      },
      "weapons": {
        "weapon_0": {
          "name": "weapon_knife_t",
          "paintkit": "default",
          "type": "Knife",
          "state": "holstered"
        },
        "weapon_1": {
          "name": "weapon_glock",
          "paintkit": "default",
          "type": "Pistol",
          "ammo_clip": 20,
          "ammo_clip_max": 20,
          "ammo_reserve": 120,
          "state": "active"
        }
      },
      "position": "1001.98, -844.17, -297.77",
      "forward": "-0.88, 0.47, 0.09"
    },
    "437": {
      "name": "Ulysses",
      "observer_slot": 0,
      "team": "CT",
      "state": {
        "health": 100,
        "armor": 100,
        "helmet": true,
        "defusekit": true,
        "flashed": 0,
        "smoked": 0,
        "burning": 0,
        "money": 1000,
        "round_kills": 0,
        "round_killhs": 0,
        "round_totaldmg": 40,
        "equip_value": 1600
      },
      "match_stats": {
        "kills": 0,
        "assists": 1,
        "deaths": 0,
        "mvps": 0,
        "score": 1
      },
      "weapons": {
        "weapon_0": {
          "name": "weapon_knife",
          "paintkit": "default",
          "type": "Knife",
          "state": "holstered"
        },
        "weapon_1": {
          "name": "weapon_hkp2000",
          "paintkit": "default",
          "type": "Pistol",
          "ammo_clip": 13,
          "ammo_clip_max": 13,
          "ammo_reserve": 46,
          "state": "active"
        }
      },
      "position": "390.10, -548.16, -209.24",
      "forward": "-0.61, 0.79, -0.04"
    },
    "442": {
      "name": "Wesley",
      "observer_slot": 1,
      "team": "CT",
      "state": {
        "health": 63,
        "armor": 100,
        "helmet": true,
        "defusekit": true,
        "flashed": 0,
        "smoked": 0,
        "burning": 0,
        "money": 1000,
        "round_kills": 0,
        "round_killhs": 0,
        "round_totaldmg": 60,
        "equip_value": 1600
      },
      "match_stats": {
        "kills": 0,
        "assists": 0,
        "deaths": 0,
        "mvps": 0,
        "score": 0
      },
      "weapons": {
        "weapon_0": {
          "name": "weapon_knife",
          "paintkit": "default",
          "type": "Knife",
          "state": "holstered"
        },
        "weapon_1": {
          "name": "weapon_hkp2000",
          "paintkit": "default",
          "type": "Pistol",
          "ammo_clip": 7,
          "ammo_clip_max": 13,
          "ammo_reserve": 52,
          "state": "active"
        }
      },
      "position": "788.04, 122.24, -211.97",
      "forward": "-0.94, 0.29, -0.17"
    },
    "447": {
      "name": "Opie",
      "observer_slot": 6,
      "team": "T",
      "state": {
        "health": 81,
        "armor": 91,
        "helmet": true,
        "flashed": 0,
        "smoked": 0,
        "burning": 0,
        "money": 1000,
        "round_kills": 0,
        "round_killhs": 0,
        "round_totaldmg": 0,
        "equip_value": 1200
      },
      "match_stats": {
        "kills": 0,
        "assists": 0,
        "deaths": 0,
        "mvps": 0,
        "score": 0
      },
      "weapons": {
        "weapon_0": {
          "name": "weapon_knife_t",
          "paintkit": "default",
          "type": "Knife",
          "state": "holstered"
        },
        "weapon_1": {
          "name": "weapon_glock",
          "paintkit": "default",
          "type": "Pistol",
          "ammo_clip": 20,
          "ammo_clip_max": 20,
          "ammo_reserve": 120,
          "state": "active"
        }
      },
      "position": "42.66, 454.93, -215.97",
      "forward": "1.00, 0.04, -0.00"
    },
    "452": {
      "name": "Ferris",
      "observer_slot": 7,
      "team": "T",
      "state": {
        "health": 81,
        "armor": 91,
        "helmet": true,
        "flashed": 0,
        "smoked": 0,
        "burning": 0,
        "money": 1150,
        "round_kills": 1,
        "round_killhs": 0,
        "round_totaldmg": 100,
        "equip_value": 1200
      },
      "match_stats": {
        "kills": 1,
        "assists": 0,
        "deaths": 0,
        "mvps": 0,
        "score": 2
      },
      "weapons": {
        "weapon_0": {
          "name": "weapon_knife_t",
          "paintkit": "default",
          "type": "Knife",
          "state": "holstered"
        },
        "weapon_1": {
          "name": "weapon_glock",
          "paintkit": "default",
          "type": "Pistol",
          "ammo_clip": 6,
          "ammo_clip_max": 20,
          "ammo_reserve": 120,
          "state": "active"
        },
        "weapon_2": {
          "name": "weapon_c4",
          "paintkit": "default",
          "type": "C4",
          "state": "holstered"
        }
      },
      "position": "95.64, 477.66, -215.97",
      "forward": "0.72, -0.69, -0.09"
    },
    "457": {
      "name": "Telsen",
      "observer_slot": 2,
      "team": "CT",
      "state": {
        "health": 100,
        "armor": 100,
        "helmet": true,
        "defusekit": true,
        "flashed": 0,
        "smoked": 0,
        "burning": 0,
        "money": 1000,
        "round_kills": 0,
        "round_killhs": 0,
        "round_totaldmg": 0,
        "equip_value": 1600
      },
      "match_stats": {
        "kills": 0,
        "assists": 0,
        "deaths": 0,
        "mvps": 0,
        "score": 0
      },
      "weapons": {
        "weapon_0": {
          "name": "weapon_knife",
          "paintkit": "default",
          "type": "Knife",
          "state": "holstered"
        },
        "weapon_1": {
          "name": "weapon_hkp2000",
          "paintkit": "default",
          "type": "Pistol",
          "ammo_clip": 13,
          "ammo_clip_max": 13,
          "ammo_reserve": 52,
          "state": "active"
        }
      },
      "position": "1022.77, 1187.02, -215.97",
      "forward": "-0.38, 0.92, 0.02"
    },
    "462": {
      "name": "Hastings",
      "observer_slot": 3,
      "team": "CT",
      "state": {
        "health": 0,
        "armor": 0,
        "helmet": false,
        "flashed": 0,
        "smoked": 0,
        "burning": 0,
        "money": 1000,
        "round_kills": 0,
        "round_killhs": 0,
        "round_totaldmg": 17,
        "equip_value": 1600
      },
      "match_stats": {
        "kills": 0,
        "assists": 0,
        "deaths": 1,
        "mvps": 0,
        "score": 0
      },
      "weapons": {},
      "position": "219.37, 141.98, -215.97",
      "forward": "0.14, 0.99, 0.04"
    },
    "467": {
      "name": "Niles",
      "observer_slot": 8,
      "team": "T",
      "state": {
        "health": 0,
        "armor": 0,
        "helmet": false,
        "flashed": 0,
        "smoked": 0,
        "burning": 0,
        "money": 1000,
        "round_kills": 0,
        "round_killhs": 0,
        "round_totaldmg": 37,
        "equip_value": 1200
      },
      "match_stats": {
        "kills": 0,
        "assists": 0,
        "deaths": 1,
        "mvps": 0,
        "score": 0
      },
      "weapons": {},
      "position": "15.64, 460.94, -215.97",
      "forward": "0.90, -0.43, -0.00"
    },
    "472": {
      "name": "York",
      "observer_slot": 9,
      "team": "T",
      "state": {
        "health": 56,
        "armor": 100,
        "helmet": true,
        "flashed": 0,
        "smoked": 0,
        "burning": 0,
        "money": 1000,
        "round_kills": 0,
        "round_killhs": 0,
        "round_totaldmg": 72,
        "equip_value": 1200
      },
      "match_stats": {
        "kills": 0,
        "assists": 0,
        "deaths": 0,
        "mvps": 0,
        "score": 0
      },
      "weapons": {
        "weapon_0": {
          "name": "weapon_knife_t",
          "paintkit": "default",
          "type": "Knife",
          "state": "holstered"
        },
        "weapon_1": {
          "name": "weapon_glock",
          "paintkit": "default",
          "type": "Pistol",
          "ammo_clip": 9,
          "ammo_clip_max": 20,
          "ammo_reserve": 120,
          "state": "active"
        }
      },
      "position": "-572.72, 494.69, -215.97",
      "forward": "0.96, -0.28, -0.02"
    },
    "477": {
      "name": "Conleth",
      "observer_slot": 4,
      "team": "CT",
      "state": {
        "health": 28,
        "armor": 72,
        "helmet": true,
        "defusekit": true,
        "flashed": 0,
        "smoked": 0,
        "burning": 0,
        "money": 1150,
        "round_kills": 1,
        "round_killhs": 0,
        "round_totaldmg": 65,
        "equip_value": 1600
      },
      "match_stats": {
        "kills": 1,
        "assists": 0,
        "deaths": 0,
        "mvps": 0,
        "score": 2
      },
      "weapons": {
        "weapon_0": {
          "name": "weapon_knife",
          "paintkit": "default",
          "type": "Knife",
          "state": "holstered"
        },
        "weapon_1": {
          "name": "weapon_hkp2000",
          "paintkit": "default",
          "type": "Pistol",
          "ammo_clip": 4,
          "ammo_clip_max": 13,
          "ammo_reserve": 52,
          "state": "active"
        }
      },
      "position": "660.15, -10.78, -215.97",
      "forward": "-0.80, 0.60, -0.04"
    }
  },
  "phase_countdowns": {
    "phase": "live",
    "phase_ends_in": "110.8"
  },
  "grenades": {},
  "bomb": {
    "state": "carried",
    "position": "95.64, 477.66, -215.97",
    "player": "452"
  },
  "previously": {
    "player": {
      "position": "-536.90, 511.39, -215.97",
      "forward": "0.96, -0.29, -0.02"
    },
    "allplayers": {
      "432": {
        "position": "947.46, -840.82, -272.00",
        "forward": "-0.83, 0.55, 0.07"
      },
      "437": {
        "match_stats": {
          "assists": 0,
          "score": 0
        },
        "forward": "-0.61, 0.79, -0.03"
      },
      "442": {
        "forward": "-0.94, 0.30, -0.17"
      },
      "447": {
        "state": {
          "health": 100,
          "armor": 100
        },
        "position": "-17.27, 452.29, -215.97"
      },
      "452": {
        "forward": "0.69, -0.71, 0.10"
      },
      "457": {
        "position": "1033.70, 1141.06, -215.97",
        "forward": "-0.24, 0.97, 0.02"
      },
      "467": {
        "state": {
          "health": 5,
          "armor": 67,
          "helmet": true
        },
        "match_stats": {
          "deaths": 0
        },
        "weapons": {
          "weapon_0": {
            "name": "weapon_knife_t",
            "paintkit": "default",
            "type": "Knife",
            "state": "holstered"
          },
          "weapon_1": {
            "name": "weapon_glock",
            "paintkit": "default",
            "type": "Pistol",
            "ammo_clip": 7,
            "ammo_clip_max": 20,
            "ammo_reserve": 120,
            "state": "active"
          }
        },
        "position": "33.67, 457.27, -215.97",
        "forward": "0.90, -0.43, -0.02"
      },
      "472": {
        "position": "-536.90, 511.39, -215.97",
        "forward": "0.96, -0.29, -0.02"
      },
      "477": {
        "state": {
          "money": 1000,
          "round_kills": 0,
          "round_totaldmg": 41
        },
        "match_stats": {
          "kills": 0,
          "score": 0
        },
        "weapons": {
          "weapon_1": {
            "ammo_clip": 5
          }
        },
        "forward": "-0.79, 0.61, -0.04"
      }
    },
    "phase_countdowns": {
      "phase_ends_in": "111.0"
    }
  }
}